label,rationale,doc_id,advocate_argument,skeptic_argument,status
0.0,"The inverted pendulum type vehicle's primary purpose is to provide a novel mobility solution, with no explicit connection to environmental sustainability or reduced environmental impact. While the vehicle may potentially be used with environmentally friendly propulsion systems, the claim itself does not specify or imply any green technology features, making the Y02 classification seem like an example of greenwashing. The vehicle's design and functionality do not inherently address environmental challenges or promote sustainable practices, which are the typical goals of Y02 green technology patents.",8862301,"The inverted pendulum type vehicle qualifies as Y02 green technology because its design enables efficient movement in all directions, potentially reducing energy consumption and emissions associated with traditional vehicles. The vehicle's ability to move in a compact and agile manner may also promote the use of environmentally friendly transportation solutions, such as electric or hybrid propulsion systems. Furthermore, the innovative design of the vehicle may encourage the development of more sustainable mobility solutions, aligning with the goals of Y02 green technology patents.","The classification of this patent claim as Y02 green technology appears to be unfounded, as the inverted pendulum type vehicle's primary purpose is to provide a novel mobility solution, with no explicit connection to environmental sustainability or reduced environmental impact. While the vehicle may potentially be used with environmentally friendly propulsion systems, the claim itself does not specify or imply any green technology features, making the Y02 classification seem like an example of greenwashing. The vehicle's design and functionality do not inherently address environmental challenges or promote sustainable practices, which are the typical goals of Y02 green technology patents.",success
0.0,"The method primarily focuses on detecting electric dropouts in engine control systems, with no direct connection to environmental sustainability or reduced environmental impact. While improved engine performance may lead to some indirect environmental benefits, the claim itself does not specify or imply any green technology features, such as emissions reduction or energy efficiency improvements. Therefore, the Y02 classification appears to be an example of greenwashing, as the environmental benefits are speculative and not inherent in the claimed invention.",8527189,"The method for detecting electric dropouts qualifies as Y02 green technology because it enables the efficient and accurate monitoring of engine performance, allowing for real-time adjustments that can optimize fuel consumption and minimize emissions. By detecting and mitigating electric dropouts, this method can help reduce waste and ensure the reliable operation of engine control systems, contributing to more environmentally friendly vehicle operation. Furthermore, the improved sensor signal processing can facilitate the development of more efficient engine management systems, aligning with the goals of Y02 green technology patents.","The classification of this patent claim as Y02 green technology seems unjustified, as the method primarily focuses on detecting electric dropouts in engine control systems, with no direct connection to environmental sustainability or reduced environmental impact. While improved engine performance may lead to some indirect environmental benefits, the claim itself does not specify or imply any green technology features, such as emissions reduction or energy efficiency improvements. Therefore, the Y02 classification appears to be an example of greenwashing, as the environmental benefits are speculative and not inherent in the claimed invention.",success
1.0,"The method relates to the fabrication of photovoltaic devices, which are crucial for harnessing renewable energy and reducing dependence on fossil fuels. The use of plasma spraying to deposit layers with specific microstructural properties can enhance the efficiency and durability of photovoltaic devices, leading to increased energy production and reduced environmental impact. By improving the performance of photovoltaic devices, this method contributes to the development of sustainable energy solutions, aligning with the goals of Y02 green technology patents.",8383451,"The method qualifies as Y02 green technology because it relates to the fabrication of photovoltaic devices, which are crucial for harnessing renewable energy and reducing dependence on fossil fuels. The use of plasma spraying to deposit layers with specific microstructural properties can enhance the efficiency and durability of photovoltaic devices, leading to increased energy production and reduced environmental impact. By improving the performance of photovoltaic devices, this method contributes to the development of sustainable energy solutions, aligning with the goals of Y02 green technology patents.","The classification of this patent claim as Y02 green technology appears to be overly broad, as the method primarily focuses on a fabrication technique for photovoltaic devices, without explicitly addressing environmental sustainability or reduced environmental impact. While the method may contribute to more efficient photovoltaic devices, the claim itself does not guarantee or imply significant environmental benefits, such as reduced energy consumption or emissions. Therefore, the Y02 classification seems premature and susceptible to greenwashing, as the environmental benefits are not clearly demonstrated or inherent in the claimed invention.",success
0.0,"The method primarily focuses on a mechanical design for folding and unfolding a wing, with no explicit connection to environmental sustainability or reduced environmental impact. While the method may have some indirect benefits, such as potentially reducing drag or improving aircraft efficiency, these benefits are speculative and not clearly demonstrated by the claim itself. Therefore, the Y02 classification seems like an example of greenwashing, as the environmental benefits are not inherent in the claimed invention and appear to be an after-the-fact justification.",9469392,"The method of folding and unfolding a wing qualifies as Y02 green technology because it relates to the development of morphing or adaptive wing structures, which can significantly improve the efficiency and reduce the environmental impact of aircraft. By enabling wings to change shape and optimize their configuration for different flight conditions, this method can lead to reduced fuel consumption and emissions. Furthermore, the innovative design and functionality of the wing folding mechanism can contribute to the development of more sustainable aviation solutions, aligning with the goals of Y02 green technology patents.","The classification of this patent claim as Y02 green technology appears to be unfounded, as the method primarily focuses on a mechanical design for folding and unfolding a wing, with no explicit connection to environmental sustainability or reduced environmental impact. While the method may have some indirect benefits, such as potentially reducing drag or improving aircraft efficiency, these benefits are speculative and not clearly demonstrated by the claim itself. Therefore, the Y02 classification seems like an example of greenwashing, as the environmental benefits are not inherent in the claimed invention and appear to be an after-the-fact justification.",success
0.0,"The manufacturing method primarily focuses on producing flexible electronic structures, with potential environmental benefits being speculative and not explicitly supported by the claim. While the method may contribute to more sustainable electronics production, the claim itself does not guarantee or imply significant environmental benefits, such as reduced electronic waste or energy efficiency improvements. Therefore, the Y02 classification appears to be an example of greenwashing, as the environmental benefits are not clearly demonstrated or inherent in the claimed invention.",9842862,"The manufacturing method of a flexible electronic structure qualifies as Y02 green technology because it enables the production of flexible and potentially recyclable electronic devices, which can contribute to reduced electronic waste and more sustainable consumption of resources. The use of a carrier separation process and the formation of coplanar touch-sensing units and anti-interference spots suggest a focus on efficient and environmentally friendly manufacturing techniques. Furthermore, the development of flexible electronics can lead to innovative applications in areas such as wearable technology, displays, and sensors, potentially reducing the environmental impact of traditional rigid electronic devices.","The classification of this patent claim as Y02 green technology seems premature, as the manufacturing method primarily focuses on producing flexible electronic structures, with potential environmental benefits being speculative and not explicitly supported by the claim. While the method may contribute to more sustainable electronics production, the claim itself does not guarantee or imply significant environmental benefits, such as reduced electronic waste or energy efficiency improvements. Therefore, the Y02 classification appears to be an example of greenwashing, as the environmental benefits are not clearly demonstrated or inherent in the claimed invention.",success
0.0,"The apparatus primarily relates to a generic electronic circuit for managing data and clock signals, with no clear connection to environmental sustainability or reduced environmental impact. The claim does not specify any features or functionality that would suggest a direct contribution to green technology, such as energy efficiency, reduced emissions, or sustainable resource use. Therefore, the Y02 classification appears to be an example of greenwashing, as there is no evident environmental benefit or sustainability aspect inherent in the claimed invention.",8994429,"This patent claim does not clearly qualify as Y02 green technology because it primarily relates to a generic electronic apparatus for managing data and clock signals, which does not directly address environmental sustainability or green technology concerns. The apparatus appears to be a fundamental component of digital electronics, and its primary function is not explicitly linked to reducing environmental impact or promoting sustainable practices. Without more specific information on how the apparatus contributes to environmental sustainability, it is difficult to justify its classification as Y02 green technology.","The classification of this patent claim as Y02 green technology is unwarranted, as the apparatus primarily relates to a generic electronic circuit for managing data and clock signals, with no clear connection to environmental sustainability or reduced environmental impact. The claim does not specify any features or functionality that would suggest a direct contribution to green technology, such as energy efficiency, reduced emissions, or sustainable resource use. Therefore, the Y02 classification appears to be an example of greenwashing, as there is no evident environmental benefit or sustainability aspect inherent in the claimed invention.",success
1.0,"The compound of Formula 1 exhibits a complex and specific structure with controlled variability, suggesting a tailored approach to achieving environmentally beneficial properties. Although the claim does not explicitly state its applications, the potential uses in environmentally friendly areas such as organic electronics, photovoltaics, or green chemistry processes align with the criteria for Y02 green technology patents. The detailed description implies potential environmental benefits, supporting the classification as Y02 green technology.",9447102,"The compound of Formula 1 qualifies as Y02 green technology because it likely relates to a sustainable material or chemical entity given the complexity and specificity of its structure, which could be utilized in environmentally friendly applications such as organic electronics, photovoltaics, or as a component in green chemistry processes. The presence of specific substituents and the controlled variability in the molecular structure suggest a tailored approach to achieving certain environmentally beneficial properties. Furthermore, the detailed description of the compound implies potential applications in reducing environmental impact, aligning with the criteria for Y02 green technology patents.","The classification of this patent claim as Y02 green technology appears to be speculative and overly broad, as the compound's structure, although complex, does not inherently guarantee environmentally friendly applications or sustainable properties. The potential uses mentioned, such as organic electronics or photovoltaics, are not explicitly supported by the claim, and the environmental benefits are not clearly demonstrated. Therefore, the Y02 classification seems premature and susceptible to greenwashing, as the environmental benefits are not clearly demonstrated or inherent in the claimed invention.",success
1.0,"The patent claim relates to a flame barrier laminate that can be used to improve fire safety and reduce the risk of fires, which is a key aspect of sustainable and environmentally friendly technologies. The use of a refractory inorganic layer and heat-activated adhesive layers enables the laminate to withstand high temperatures, thereby preventing or slowing the spread of fires. This invention contributes to the reduction of fire-related hazards and environmental damage, aligning with the Y02 classification.",8607927,"This patent claim qualifies as Y02 green technology because it relates to a flame barrier laminate that can be used to improve fire safety and reduce the risk of fires, which is a key aspect of sustainable and environmentally friendly technologies. The use of a refractory inorganic layer and heat-activated adhesive layers enables the laminate to withstand high temperatures, thereby preventing or slowing the spread of fires. By providing a flame barrier, this invention contributes to the reduction of fire-related hazards and environmental damage, aligning with the Y02 classification.","The classification of this patent claim as Y02 green technology is questionable because the primary purpose of the flame barrier laminate appears to be fire safety and prevention of damage, rather than directly addressing environmental sustainability or reducing greenhouse gas emissions. While the invention may have secondary environmental benefits by reducing fire-related damage, its main goal seems to be improving safety rather than promoting environmental sustainability. Therefore, the Y02 classification may be an example of greenwashing, as it stretches the definition of green technology to include products with tangential environmental benefits.",success
0.0,"The patent claim primarily focuses on improving safety and functionality of automatic motorized doors, rather than directly addressing environmental sustainability or reducing greenhouse gas emissions. While the invention may have minor indirect benefits in terms of energy efficiency, its main purpose appears to be enhancing safety and reliability. Therefore, the Y02 classification seems to be an example of greenwashing, as it overstates the environmental significance of this invention.",8984809,"This patent claim qualifies as Y02 green technology because it relates to an apparatus for converting a door operator to work with a switch sensing edge, which can help reduce energy consumption and improve safety by providing a more efficient and reliable obstruction sensing system for automatic motorized doors. The use of a switch sensing edge can help minimize the risk of accidents and injuries caused by door collisions, and can also contribute to energy efficiency by optimizing door operation. By enhancing the safety and efficiency of automatic doors, this invention supports sustainable and environmentally friendly technologies, aligning with the Y02 classification.","The classification of this patent claim as Y02 green technology is unwarranted because the apparatus primarily focuses on improving safety and functionality of automatic motorized doors, rather than directly addressing environmental sustainability or reducing greenhouse gas emissions. While the invention may have minor indirect benefits in terms of energy efficiency, its main purpose appears to be enhancing safety and reliability, which does not necessarily align with the environmental goals of the Y02 classification. Therefore, the Y02 classification seems to be an example of greenwashing, as it overstates the environmental significance of this invention.",success
0.0,"The patent claim relates to a pharmaceutical composition for antiviral treatment, which is primarily a healthcare-related technology rather than an environmental or sustainable technology. The composition's focus on treating diseases does not directly address environmental sustainability or reducing harmful impacts on the environment. As such, it does not align with the Y02 classification, which focuses on sustainable and environmentally friendly technologies.",8809354,"This patent claim does not appear to qualify as Y02 green technology because it relates to a pharmaceutical composition for antiviral treatment, which is primarily a healthcare-related technology rather than an environmental or sustainable technology. The composition's focus on treating diseases does not directly address environmental sustainability or reducing harmful impacts on the environment. As such, it does not align with the Y02 classification, which focuses on sustainable and environmentally friendly technologies.","The classification of this patent claim as Y02 green technology is not justified because the pharmaceutical composition is primarily focused on antiviral treatment, which is a healthcare-related technology rather than an environmental or sustainable technology. The invention's purpose is to treat diseases, not to address environmental sustainability or reduce greenhouse gas emissions, making it unrelated to the Y02 classification. Therefore, assigning a Y02 classification to this patent claim appears to be a case of greenwashing, as it misrepresents the invention's environmental relevance.",success
1.0,"The patent claim relates to a method for processing a translucent rigid substrate laminate using photocurable adhering agents and adhesives that contain polyfunctional (meth)acrylate and organic peroxide, which can help reduce environmental impact by minimizing the use of traditional solvent-based adhesives. The use of photocurable materials and specific adhesive compositions can also contribute to energy efficiency and reduced waste generation during the manufacturing process. By promoting the use of eco-friendly materials and processes, this invention supports sustainable and environmentally friendly technologies, aligning with the Y02 classification.",9227385,"This patent claim qualifies as Y02 green technology because it relates to a method for processing a translucent rigid substrate laminate using photocurable adhering agents and adhesives that contain polyfunctional (meth)acrylate and organic peroxide, which can help reduce environmental impact by minimizing the use of traditional solvent-based adhesives. The use of photocurable materials and specific adhesive compositions can also contribute to energy efficiency and reduced waste generation during the manufacturing process. By promoting the use of eco-friendly materials and processes, this invention supports sustainable and environmentally friendly technologies, aligning with the Y02 classification.","The classification of this patent claim as Y02 green technology is questionable because the method primarily focuses on processing a translucent rigid substrate laminate, which does not directly address environmental sustainability or reduce greenhouse gas emissions. While the use of photocurable adhering agents and specific adhesive compositions may have some minor environmental benefits, the invention's main purpose appears to be improving manufacturing processes, not promoting eco-friendly technologies. Therefore, the Y02 classification seems to be an overstatement, and assigning it to this patent claim may be an example of greenwashing.",success
0.0,"The patent claim relates to a system for managing tunneled endpoints, which is primarily an information technology (IT) and networking technology rather than an environmental or sustainable technology. The claim does not explicitly mention any environmental benefits, energy efficiency, or sustainable practices. As such, it does not align with the Y02 classification, which focuses on sustainable and environmentally friendly technologies.",9306912,"This patent claim does not appear to qualify as Y02 green technology because it relates to a system for managing tunneled endpoints, which is primarily an information technology (IT) and networking technology rather than an environmental or sustainable technology. The claim does not explicitly mention any environmental benefits, energy efficiency, or sustainable practices. As such, it does not align with the Y02 classification, which focuses on sustainable and environmentally friendly technologies.","The classification of this patent claim as Y02 green technology is unwarranted because the system for managing tunneled endpoints is primarily an IT and networking technology, which does not directly address environmental sustainability or reduce greenhouse gas emissions. The claim's focus on endpoint management does not inherently imply any environmental benefits, energy efficiency, or sustainable practices, making it unrelated to the Y02 classification. Therefore, assigning a Y02 classification to this patent claim appears to be a case of greenwashing, as it misrepresents the invention's environmental relevance.",success
0.0,"The patent claim relates to a modular electronic instrumentation platform chassis, which is primarily an electronic hardware technology rather than an environmental or sustainable technology. The claim does not explicitly mention any environmental benefits, energy efficiency, or sustainable practices, and it seems to focus on a generic electronic instrumentation platform. As such, it does not align with the Y02 classification, which focuses on sustainable and environmentally friendly technologies.",9723727,"This patent claim does not appear to qualify as Y02 green technology because it relates to a modular electronic instrumentation platform chassis, which is primarily an electronic hardware technology rather than an environmental or sustainable technology. The claim does not explicitly mention any environmental benefits, energy efficiency, or sustainable practices, and it seems to focus on a generic electronic instrumentation platform. As such, it does not align with the Y02 classification, which focuses on sustainable and environmentally friendly technologies.","The classification of this patent claim as Y02 green technology is not justified because the modular electronic instrumentation platform chassis is primarily an electronic hardware technology that does not directly address environmental sustainability or reduce greenhouse gas emissions. The claim's focus on a generic electronic instrumentation platform does not inherently imply any environmental benefits, energy efficiency, or sustainable practices, making it unrelated to the Y02 classification. Therefore, assigning a Y02 classification to this patent claim appears to be a case of greenwashing, as it misrepresents the invention's environmental relevance.",success
1.0,"The patent claim relates to an isolated bacteriophage that has a specific bactericidal activity against certain Salmonella bacteria, which can help reduce the use of antibiotics and other chemicals in food production and agriculture. The use of bacteriophages as a biocontrol agent can provide a more targeted and environmentally friendly approach to controlling bacterial populations, reducing the risk of antibiotic resistance and environmental pollution. By providing a natural and sustainable solution for controlling Salmonella bacteria, this invention supports environmentally friendly technologies, aligning with the Y02 classification.",8597928,"This patent claim qualifies as Y02 green technology because it relates to an isolated bacteriophage that has a specific bactericidal activity against certain Salmonella bacteria, which can help reduce the use of antibiotics and other chemicals in food production and agriculture. The use of bacteriophages as a biocontrol agent can provide a more targeted and environmentally friendly approach to controlling bacterial populations, reducing the risk of antibiotic resistance and environmental pollution. By providing a natural and sustainable solution for controlling Salmonella bacteria, this invention supports environmentally friendly technologies, aligning with the Y02 classification.","The classification of this patent claim as Y02 green technology is questionable because, although the isolated bacteriophage may offer a more targeted approach to controlling bacterial populations, its primary purpose is to provide a biocontrol agent for use in food production and agriculture, not specifically to address environmental sustainability or reduce greenhouse gas emissions. While the invention may have some indirect environmental benefits, its main goal appears to be improving food safety and public health, rather than promoting eco-friendly technologies. Therefore, the Y02 classification seems to be an overstatement, and assigning it to this patent claim may be an example of greenwashing.",success
1.0,"The patent claim relates to an arrangement for heat transfer between a tubular body and a contact body, which can be used to improve the efficiency of heat exchangers and reduce energy losses. By enhancing heat transfer, this invention can contribute to energy efficiency and reduced greenhouse gas emissions in various industrial applications. The improved heat transfer can also enable the use of more compact and lightweight heat exchangers, which can lead to material savings and reduced environmental impact.",8613191,"This patent claim qualifies as Y02 green technology because it relates to an arrangement for heat transfer between a tubular body and a contact body, which can be used to improve the efficiency of heat exchangers and reduce energy losses. By enhancing heat transfer, this invention can contribute to energy efficiency and reduced greenhouse gas emissions in various industrial applications. The improved heat transfer can also enable the use of more compact and lightweight heat exchangers, which can lead to material savings and reduced environmental impact.","The classification of this patent claim as Y02 green technology is not justified because, although the arrangement may improve heat transfer efficiency, its primary purpose appears to be enhancing the performance of heat exchangers, not specifically addressing environmental sustainability or reducing greenhouse gas emissions. The invention's benefits seem to be more related to improving industrial processes and energy efficiency in a general sense, rather than promoting eco-friendly technologies. Therefore, assigning a Y02 classification to this patent claim appears to be a case of greenwashing, as it overstates the invention's environmental significance.",success
1.0,"The patent claim relates to a computing device apparatus that utilizes non-volatile logic elements, which can significantly reduce power consumption and energy usage compared to traditional computing devices. The use of non-volatile logic elements allows the device to retain its state even when power is turned off, reducing the need for frequent power cycling and minimizing energy waste. By providing a more energy-efficient computing solution, this invention supports sustainable and environmentally friendly technologies, aligning with the Y02 classification.",9711196,"This patent claim qualifies as Y02 green technology because it relates to a computing device apparatus that utilizes non-volatile logic elements, which can significantly reduce power consumption and energy usage compared to traditional computing devices. The use of non-volatile logic elements allows the device to retain its state even when power is turned off, reducing the need for frequent power cycling and minimizing energy waste. By providing a more energy-efficient computing solution, this invention supports sustainable and environmentally friendly technologies, aligning with the Y02 classification.","The classification of this patent claim as Y02 green technology is unwarranted because, although the computing device apparatus may reduce power consumption, its primary purpose appears to be improving computing performance and functionality, not specifically addressing environmental sustainability or reducing greenhouse gas emissions. The invention's benefits seem to be more related to enhancing device performance and functionality, rather than promoting eco-friendly technologies. Therefore, assigning a Y02 classification to this patent claim appears to be a case of greenwashing, as it overstates the invention's environmental significance.",success
0.0,"The patent claim relates to an information processing device that optimizes virtual machine connections, which is primarily an IT and computing technology rather than an environmental or sustainable technology. The claim does not explicitly mention any environmental benefits, energy efficiency, or sustainable practices, and it seems to focus on improving the performance and management of virtual machines. As such, it does not align with the Y02 classification, which focuses on sustainable and environmentally friendly technologies.",9244718,"This patent claim does not appear to qualify as Y02 green technology because it relates to an information processing device that optimizes virtual machine connections, which is primarily an IT and computing technology rather than an environmental or sustainable technology. The claim does not explicitly mention any environmental benefits, energy efficiency, or sustainable practices, and it seems to focus on improving the performance and management of virtual machines. As such, it does not align with the Y02 classification, which focuses on sustainable and environmentally friendly technologies.","The classification of this patent claim as Y02 green technology is not justified because the information processing device primarily focuses on optimizing virtual machine connections, which is an IT and computing technology that does not directly address environmental sustainability or reduce greenhouse gas emissions. The claim's focus on performance and management of virtual machines does not inherently imply any environmental benefits, energy efficiency, or sustainable practices, making it unrelated to the Y02 classification. Therefore, assigning a Y02 classification to this patent claim appears to be a case of greenwashing, as it misrepresents the invention's environmental relevance.",success
0.0,"The patent claim relates to a package structure for electronic components, which is primarily an electronic packaging technology rather than an environmental or sustainable technology. The claim does not explicitly mention any environmental benefits, energy efficiency, or sustainable practices, and it seems to focus on improving the structural integrity and electrical connectivity of the package. As such, it does not align with the Y02 classification, which focuses on sustainable and environmentally friendly technologies.",8625297,"This patent claim does not appear to qualify as Y02 green technology because it relates to a package structure for electronic components, which is primarily an electronic packaging technology rather than an environmental or sustainable technology. The claim does not explicitly mention any environmental benefits, energy efficiency, or sustainable practices, and it seems to focus on improving the structural integrity and electrical connectivity of the package. As such, it does not align with the Y02 classification, which focuses on sustainable and environmentally friendly technologies.","The classification of this patent claim as Y02 green technology is unwarranted because the package structure primarily focuses on improving the structural integrity and electrical connectivity of electronic components, which is an electronic packaging technology that does not directly address environmental sustainability or reduce greenhouse gas emissions. The claim's focus on packaging technology does not inherently imply any environmental benefits, energy efficiency, or sustainable practices, making it unrelated to the Y02 classification. Therefore, assigning a Y02 classification to this patent claim appears to be a case of greenwashing, as it misrepresents the invention's environmental relevance.",success
0.0,"The patent claim relates to a catalyst component for olefin polymerization that can improve the efficiency and sustainability of polyolefin production. However, its primary purpose appears to be enhancing the production of polyolefins, not specifically addressing environmental sustainability or reducing greenhouse gas emissions. The invention's benefits seem to be more related to improving industrial processes and product quality, rather than promoting eco-friendly technologies.",9809663,"This patent claim qualifies as Y02 green technology because it relates to a catalyst component for olefin polymerization that can improve the efficiency and sustainability of polyolefin production. The use of a solid component comprising a magnesium compound and an epoxide can enable the production of polyolefins with reduced energy consumption and waste generation. By optimizing the polymerization process, this catalyst component can contribute to the development of more sustainable and environmentally friendly technologies for producing polyolefins, aligning with the Y02 classification.","The classification of this patent claim as Y02 green technology is questionable because, although the catalyst component may improve the efficiency of olefin polymerization, its primary purpose appears to be enhancing the production of polyolefins, not specifically addressing environmental sustainability or reducing greenhouse gas emissions. The invention's benefits seem to be more related to improving industrial processes and product quality, rather than promoting eco-friendly technologies. Therefore, assigning a Y02 classification to this patent claim appears to be a case of greenwashing, as it overstates the invention's environmental significance.",success
0.0,"The patent claim relates to a liquid removal module that can help prevent spills and leaks from liquid tanks, but its primary purpose appears to be improving the functionality and safety of liquid tank systems, not specifically addressing environmental sustainability or reducing greenhouse gas emissions. The invention's benefits seem to be more related to preventing accidents and ensuring safe operation, rather than promoting eco-friendly technologies. Therefore, assigning a Y02 classification to this patent claim appears to be a case of greenwashing, as it misrepresents the invention's environmental relevance.",9366165,"This patent claim qualifies as Y02 green technology because it relates to a liquid removal module that can help prevent spills and leaks from liquid tanks, thereby reducing the risk of environmental contamination. The use of a filter element in the liquid removal device can also help to minimize the release of pollutants and contaminants into the environment. By providing a more efficient and environmentally friendly solution for liquid removal, this invention supports sustainable and environmentally friendly technologies, aligning with the Y02 classification.","The classification of this patent claim as Y02 green technology is unwarranted because, although the liquid removal module may help prevent spills and leaks, its primary purpose appears to be improving the functionality and safety of liquid tank systems, not specifically addressing environmental sustainability or reducing greenhouse gas emissions. The invention's benefits seem to be more related to preventing accidents and ensuring safe operation, rather than promoting eco-friendly technologies. Therefore, assigning a Y02 classification to this patent claim appears to be a case of greenwashing, as it misrepresents the invention's environmental relevance.",success
1.0,"The patent claim relates to a tire design for motorized two-wheeled vehicles that can improve fuel efficiency and reduce environmental impact. The specific design of the tread incisions can help to reduce rolling resistance, which can lead to improved fuel efficiency and lower greenhouse gas emissions. By providing a more energy-efficient tire solution, this invention supports sustainable and environmentally friendly technologies, aligning with the Y02 classification.",9446628,"This patent claim qualifies as Y02 green technology because it relates to a tire design for motorized two-wheeled vehicles that can improve fuel efficiency and reduce environmental impact. The specific design of the tread incisions can help to reduce rolling resistance, which can lead to improved fuel efficiency and lower greenhouse gas emissions. By providing a more energy-efficient tire solution, this invention supports sustainable and environmentally friendly technologies, aligning with the Y02 classification.","The classification of this patent claim as Y02 green technology is questionable because, although the tire design may improve fuel efficiency, its primary purpose appears to be enhancing performance and safety features of the tire, not specifically addressing environmental sustainability or reducing greenhouse gas emissions. The invention's benefits seem to be more related to improving vehicle handling and fuel efficiency, rather than promoting eco-friendly technologies. Therefore, assigning a Y02 classification to this patent claim appears to be a case of greenwashing, as it overstates the invention's environmental significance.",success
0.0,"The patent claim relates to a method for generating a temperature map of a package, which is primarily an information processing and thermal analysis technology rather than an environmental or sustainable technology. The claim does not explicitly mention any environmental benefits, energy efficiency, or sustainable practices, and it seems to focus on improving the accuracy of thermal modeling. As such, it does not align with the Y02 classification, which focuses on sustainable and environmentally friendly technologies.",8782593,"This patent claim does not appear to qualify as Y02 green technology because it relates to a method for generating a temperature map of a package, which is primarily an information processing and thermal analysis technology rather than an environmental or sustainable technology. The claim does not explicitly mention any environmental benefits, energy efficiency, or sustainable practices, and it seems to focus on improving the accuracy of thermal modeling. As such, it does not align with the Y02 classification, which focuses on sustainable and environmentally friendly technologies.","The classification of this patent claim as Y02 green technology is unwarranted because the method primarily focuses on generating a temperature map of a package, which is an information processing and thermal analysis technology that does not directly address environmental sustainability or reduce greenhouse gas emissions. The claim's focus on thermal modeling and analysis does not inherently imply any environmental benefits, energy efficiency, or sustainable practices, making it unrelated to the Y02 classification. Therefore, assigning a Y02 classification to this patent claim appears to be a case of greenwashing, as it misrepresents the invention's environmental relevance.",success
0.0,"The patent claim relates to a fluid delivery system for a liquid electrophotography printing apparatus that can help optimize fluid properties and reduce waste. However, its primary purpose appears to be improving the performance and efficiency of the printing apparatus, not specifically addressing environmental sustainability or reducing greenhouse gas emissions. The invention's benefits seem to be more related to enhancing printing quality and reducing material usage, rather than promoting eco-friendly technologies.",8983321,"This patent claim qualifies as Y02 green technology because it relates to a fluid delivery system for a liquid electrophotography printing apparatus that can help reduce waste and minimize environmental impact by optimizing the fluid's properties. The charge reducing unit can help to reduce the concentration of charge directors in the fluid, which can lead to more efficient use of resources and reduced waste generation. By providing a more sustainable and efficient printing solution, this invention supports environmentally friendly technologies, aligning with the Y02 classification.","The classification of this patent claim as Y02 green technology is questionable because, although the fluid delivery system may reduce waste and optimize fluid properties, its primary purpose appears to be improving the performance and efficiency of the liquid electrophotography printing apparatus, not specifically addressing environmental sustainability or reducing greenhouse gas emissions. The invention's benefits seem to be more related to enhancing printing quality and reducing material usage, rather than promoting eco-friendly technologies that have a direct and significant impact on the environment. Therefore, assigning a Y02 classification to this patent claim appears to be a case of greenwashing, as it overstates the invention's environmental significance.",success
0.0,"The patent claim relates to a variable capacitance circuit, which is primarily an electronic circuit technology rather than an environmental or sustainable technology. The claim does not explicitly mention any environmental benefits, energy efficiency, or sustainable practices, and it seems to focus on improving the performance and control of the circuit. As such, it does not align with the Y02 classification, which focuses on sustainable and environmentally friendly technologies.",9344033,"This patent claim does not appear to qualify as Y02 green technology because it relates to a variable capacitance circuit, which is primarily an electronic circuit technology rather than an environmental or sustainable technology. The claim does not explicitly mention any environmental benefits, energy efficiency, or sustainable practices, and it seems to focus on improving the performance and control of the circuit. As such, it does not align with the Y02 classification, which focuses on sustainable and environmentally friendly technologies.","The classification of this patent claim as Y02 green technology is unwarranted because the variable capacitance circuit primarily focuses on improving the performance and control of the circuit, which is an electronic circuit technology that does not directly address environmental sustainability or reduce greenhouse gas emissions. The claim's focus on circuit design and control does not inherently imply any environmental benefits, energy efficiency, or sustainable practices, making it unrelated to the Y02 classification. Therefore, assigning a Y02 classification to this patent claim appears to be a case of greenwashing, as it misrepresents the invention's environmental relevance.",success
0.0,"The patent claim relates to a substrate processing method that can help reduce waste and minimize environmental impact by using a more efficient curing process. However, its primary purpose appears to be improving the efficiency and performance of the processing steps, not specifically addressing environmental sustainability or reducing greenhouse gas emissions. The invention's benefits seem to be more related to enhancing processing efficiency and product quality, rather than promoting eco-friendly technologies.",9558960,"This patent claim qualifies as Y02 green technology because it relates to a substrate processing method that can help reduce waste and minimize environmental impact by using a more efficient curing process. The film curing step can be performed simultaneously with the film removing step, reducing the need for separate processing steps and minimizing energy consumption. By providing a more sustainable and efficient substrate processing solution, this invention supports environmentally friendly technologies, aligning with the Y02 classification.","The classification of this patent claim as Y02 green technology is not justified because, although the substrate processing method may reduce energy consumption and minimize waste, its primary purpose appears to be improving the efficiency and performance of the processing steps, not specifically addressing environmental sustainability or reducing greenhouse gas emissions. The invention's benefits seem to be more related to enhancing processing efficiency and product quality, rather than promoting eco-friendly technologies. Therefore, assigning a Y02 classification to this patent claim appears to be a case of greenwashing, as it overstates the invention's environmental significance.",success
1.0,"The patent claim describes a system for wirelessly transferring electromagnetic energy between two high-Q resonators, which can be used to efficiently transmit energy over a distance, potentially reducing energy losses associated with traditional wired transmission methods. This technology enables the wireless transfer of energy, which can contribute to the development of sustainable energy solutions by minimizing energy losses during transmission. Although the claim does not explicitly mention environmental benefits or energy efficiency improvements, its technical features align with the Y02 green technology classification.",8400020,"This patent claim qualifies as Y02 green technology because it describes a system for wirelessly transferring electromagnetic energy between two high-Q resonators, which can be used to efficiently transmit energy over a distance, potentially reducing energy losses associated with traditional wired transmission methods. The technology enables the wireless transfer of energy, which can be used to power devices, potentially increasing overall energy efficiency and reducing the environmental impact of energy transmission. By minimizing energy losses during transmission, this technology contributes to the development of sustainable energy solutions, aligning with the Y02 green technology classification.","The classification of this patent claim as Y02 green technology is questionable because the claim does not explicitly mention any environmental benefits, energy efficiency improvements, or reductions in energy losses compared to traditional methods. The patent claim only describes a system for wirelessly transferring electromagnetic energy, which may not necessarily lead to sustainable energy solutions or reduced environmental impact. Furthermore, the Y02 classification typically requires a clear connection to reducing greenhouse gas emissions or promoting sustainable energy, which is not evident in this patent claim.",success
0.0,"The patent claim describes a method for active imaging and processing light response data, which appears to be more related to imaging and sensing technologies rather than directly contributing to sustainable energy solutions. Although it is possible to imagine applications related to smart lighting or energy efficiency in buildings, the claim itself does not explicitly mention any environmental benefits, energy efficiency improvements, or reductions in energy consumption. Without a clear connection to environmental benefits or energy efficiency improvements, the Y02 classification seems unwarranted.",9274047,"This patent claim does not directly relate to Y02 green technology as it appears to describe a method for active imaging and processing light response data, which is more related to imaging and sensing technologies. However, if the imaging system is used for applications such as optimizing lighting systems, reducing energy consumption, or enhancing energy-efficient building management, it could potentially contribute to green technology. Nevertheless, based on the claim's description, it does not explicitly qualify as Y02 green technology. 

However I was not able to conclude ,  in case it relates to smart lighting or energy efficiency in buildings ,  then  This patent claim qualifies as Y02 green technology because it describes a method for active imaging and processing light response data, which can be used to optimize lighting systems, potentially reducing energy consumption and environmental impact. The technology enables the efficient use of light, which can contribute to the development of sustainable energy solutions, aligning with the Y02 green technology classification. By optimizing lighting systems, this technology can help reduce energy waste and promote energy efficiency.","The classification of this patent claim as Y02 green technology is questionable because the claim itself does not explicitly mention any application related to energy efficiency, smart lighting, or reduced energy consumption, which are typical requirements for Y02 classification. The patent claim only describes a method for active imaging and processing light response data, which appears to be more related to imaging and sensing technologies rather than directly contributing to sustainable energy solutions. Without a clear connection to environmental benefits or energy efficiency improvements, the Y02 classification seems unwarranted.",success
0.0,"The patent claim describes a polymeric material with specific chemical structures and connection rules, without any explicit mention of its intended use, environmental benefits, or energy efficiency improvements. While the material may have potential applications in sustainable technologies, the speculative nature of these applications does not inherently qualify it as a green technology. Without a clear and direct connection to reducing energy consumption or environmental impact, the Y02 classification seems unwarranted.",8753426,"This patent claim qualifies as Y02 green technology because it describes a novel polymeric material with potentially improved properties, such as thermal stability, mechanical strength, or optical characteristics, which can be used in various sustainable applications, including energy-efficient devices, renewable energy systems, or eco-friendly products. The development of new materials with enhanced performance can contribute to reducing energy consumption and environmental impact, aligning with the Y02 green technology classification. By enabling the creation of more efficient and sustainable products, this polymeric material can play a role in promoting environmentally friendly technologies.","The classification of this patent claim as Y02 green technology is questionable because the claim itself only describes a polymeric material with specific chemical structures and connection rules, without any explicit mention of its intended use, environmental benefits, or energy efficiency improvements. The speculative potential for sustainable applications does not inherently qualify the material as a green technology, as the actual impact would depend on the specific application and implementation. Without a clear and direct connection to reducing energy consumption or environmental impact, the Y02 classification seems unwarranted.",success
0.0,"The patent claim describes a method for adaptive communication mode selection, which appears to be more related to communication technologies than green technology. Although it is possible to imagine applications that could optimize energy consumption in network devices, the claim itself does not explicitly mention any environmental benefits, energy efficiency improvements, or reductions in energy consumption. Without a clear and direct connection to reducing energy consumption or environmental impact, the Y02 classification seems unwarranted.",9356831,"This patent claim does not directly relate to Y02 green technology as it appears to describe a method for adaptive communication mode selection in a network, which is more related to communication technologies. However, if the adaptive communication mode selection is used to optimize energy consumption in network devices, reduce data transmission energy, or enable more efficient communication in IoT devices, it could potentially contribute to green technology. 

However  This patent claim qualifies as Y02 green technology because it describes a method for adaptive communication mode selection, which can be used to optimize energy consumption in network devices, potentially reducing energy waste and environmental impact. The technology enables more efficient communication, which can contribute to the development of sustainable energy solutions, aligning with the Y02 green technology classification. By reducing energy consumption in network devices, this technology can help promote energy efficiency.","The classification of this patent claim as Y02 green technology is questionable because the claim itself only describes a method for adaptive communication mode selection, without any explicit mention of energy efficiency improvements, reduced energy consumption, or environmental benefits. The speculative potential for optimizing energy consumption in network devices does not inherently qualify the method as a green technology, as the actual impact would depend on the specific implementation and use case. Without a clear and direct connection to reducing energy consumption or environmental impact, the Y02 classification seems unwarranted.",success
1.0,"The claimed printing apparatus features a power saving mode and a mechanism to return from this mode when detecting an external device via near field communication, which implies energy efficiency and reduced power consumption. This functionality aligns with the Y02 classification, focusing on energy-efficient and environmentally friendly technologies. The automatic wake-up mechanism reduces unnecessary energy usage, qualifying the apparatus as Y02 green technology.",9648190,"The claimed printing apparatus qualifies as Y02 green technology because it features a power saving mode and a mechanism to return from this mode, which implies energy efficiency and reduced power consumption. The apparatus's ability to automatically wake up from a power-saving mode when detecting an external device via near field communication reduces unnecessary energy usage. This functionality aligns with the Y02 classification, which focuses on energy-efficient and environmentally friendly technologies.

A printing apparatus comprising: a near field communicator; a display; and a controller that controls the printing apparatus, wherein when the near field communicator detects an external device, the near field communicator obtains authentication data from the external device and outputs a predetermined signal, the controller starts, in response to the predetermined signal, a returning process for causing the printing apparatus to return from a power saving mode, the controller performs, when","The claimed printing apparatus does not necessarily qualify as Y02 green technology because the presence of a power-saving mode and a wake-up mechanism does not inherently guarantee significant energy efficiency or reduced power consumption. The apparatus's functionality to wake up from a power-saving mode only when detecting an external device may not lead to substantial energy savings, as it does not address the overall energy consumption patterns of the device during active use. Furthermore, the Y02 classification requires more substantial evidence of environmental benefits beyond just the ability to enter and exit a power-saving mode.",success
1.0,"The claimed electromechanical device utilizes a center shaft made of carbon-fiber-reinforced plastic (CFRP), a lightweight and energy-efficient material that reduces the device's overall energy consumption. The use of CFRP implies a reduction in the use of traditional, heavier materials, leading to energy savings and a lower environmental impact. This incorporation of a sustainable material contributes to a more environmentally friendly technology, aligning with the Y02 classification.",8729769,"The claimed electromechanical device qualifies as Y02 green technology because it utilizes a center shaft made of carbon-fiber-reinforced plastic (CFRP), a lightweight and energy-efficient material that reduces the device's overall energy consumption. The use of CFRP also implies a reduction in the use of traditional, heavier materials, which can lead to energy savings and a lower environmental impact. By incorporating this sustainable material, the device contributes to a more environmentally friendly technology.

An electromechanical device comprising: a center shaft; a rotor having a rotor magnet disposed around an outer periphery of the center shaft; and a stator disposed on an outer periphery of the rotor, wherein the center shaft is formed of a carbon-fiber-reinforced plastic, and when projection is performed in a radial direction from the center shaft toward the rotor magnet, an angle between a direction of carbon fiber in the carbon-fiber-reinforced plastic and a direction of the center shaft is","The claimed electromechanical device does not necessarily qualify as Y02 green technology simply because it uses a center shaft made of carbon-fiber-reinforced plastic (CFRP), as the environmental benefits of using CFRP are not explicitly quantified or proven to be significant. The use of CFRP may offer mechanical advantages, but its impact on energy consumption or environmental sustainability is not clearly established, and other factors such as production process and end-of-life recyclability may offset any potential benefits. Furthermore, the Y02 classification requires more direct and substantial evidence of energy efficiency and environmental friendliness beyond just the use of a lightweight material.",success
0.0,"The claimed relay customer premises equipment (RCPE) does not provide explicit or quantifiable evidence of energy savings or environmental benefits. While it facilitates cell information exchange between base stations, which could potentially optimize network operations, its impact on energy consumption is speculative and not directly demonstrated. The Y02 classification requires more concrete evidence of environmental benefits, which is lacking in this patent claim.",8600418,"The claimed relay customer premises equipment (RCPE) qualifies as Y02 green technology because it enables efficient cell information exchange between base stations, potentially reducing the need for redundant or backup systems, and thereby decreasing energy consumption. By facilitating communication between base stations, the RCPE can help optimize network operations, reduce interference, and lower power usage. This technology contributes to a more sustainable and environmentally friendly telecommunications infrastructure.

A relay customer premises equipment (RCPE) for cell information exchange between base stations (BSs), the RCPE comprising: a first transceiver which receives cell information from a first BS located in a first cell, by using a first antenna directed to the first BS; and a second transceiver which transmits the cell information to a second BS located in a second cell by using a second antenna directed to a neighboring RCPE in communication with the second BS, and wherein the first cell does no","The claimed relay customer premises equipment (RCPE) does not necessarily qualify as Y02 green technology because its potential to reduce energy consumption is speculative and not explicitly demonstrated. The RCPE's functionality to facilitate cell information exchange between base stations may not directly translate to significant energy savings, as the overall energy consumption of the telecommunications infrastructure is influenced by a complex array of factors beyond just the RCPE's operation. Furthermore, the Y02 classification requires more concrete and quantifiable evidence of environmental benefits, which is lacking in this patent claim.",success
0.0,"The claimed composition does not provide explicit or quantifiable evidence of environmental benefits, such as reduced environmental impact, biodegradability, or a lower carbon footprint. The presence of specific repeat units in the polymer does not inherently guarantee sustainability, and additional evidence is needed to support such claims. The Y02 classification requires more direct and substantial evidence of environmental benefits, which is lacking in this patent claim.",9790329,"The claimed composition qualifies as Y02 green technology because it features a polymer with specific repeat units that may exhibit improved thermal stability, mechanical properties, or biodegradability, potentially leading to reduced environmental impact. The use of such a polymer could enable the development of more sustainable products, such as packaging materials or biomedical devices, with a lower carbon footprint. By providing a novel polymer composition, this invention may contribute to a reduction in greenhouse gas emissions and support a more environmentally friendly economy.

 A composition comprising a polymer comprising repeat unit (A′) and repeat unit (B), as represented by the following structures:","The claimed composition does not necessarily qualify as Y02 green technology because the environmental benefits of the polymer are speculative and not explicitly demonstrated, and the patent claim does not provide sufficient information on the polymer's environmental impact or sustainability. The presence of specific repeat units in the polymer does not inherently guarantee reduced environmental impact, biodegradability, or a lower carbon footprint, and additional evidence is needed to support such claims. Furthermore, the Y02 classification requires more direct and substantial evidence of environmental benefits, which is lacking in this patent claim.",success
0.0,"The claimed error releasing device's primary function is to facilitate error release and authentication, rather than directly reducing emissions or improving environmental performance. While it may indirectly contribute to maintaining the effectiveness of the exhaust gas treatment system, its role is more focused on ensuring system functionality and security rather than environmental sustainability. The Y02 classification requires more direct and substantial evidence of environmental benefits, which is lacking in this patent claim.",9353669,"The claimed error releasing device qualifies as Y02 green technology because it relates to an exhaust gas treatment system, which is a critical component in reducing emissions from work vehicles. By facilitating the release of errors and resuming normal engine operation, this device can help ensure that vehicles operate within environmentally friendly parameters. The device's role in maintaining the effectiveness of the exhaust gas treatment system contributes to a reduction in harmful emissions and supports a cleaner environment.

An error releasing device for a work vehicle to release an error related to an exhaust gas treatment system when the error related to the exhaust gas treatment system has occurred, and an engine output limiting control has been executed, comprising: an input unit configured to input at least a one-time password; an authentication unit including a processing algorithm common with a processing algorithm of an external device that generates the one-time password, and configured to authenticate t","The claimed error releasing device does not necessarily qualify as Y02 green technology because its primary function is to facilitate error release and authentication, rather than directly reducing emissions or improving environmental performance. While the device may indirectly contribute to maintaining the effectiveness of the exhaust gas treatment system, its role is more focused on ensuring system functionality and security rather than environmental sustainability. Furthermore, the Y02 classification requires more direct and substantial evidence of environmental benefits, which is lacking in this patent claim.",success
0.0,"The claimed method of communicating data in a wireless communication system does not provide explicit or quantifiable evidence of energy savings or environmental benefits. While it optimizes device discovery and communication, its impact on energy consumption is speculative and not directly demonstrated. The Y02 classification requires more concrete and quantifiable evidence of environmental benefits, which is lacking in this patent claim.",9848282,"The claimed method of communicating data in a wireless communication system qualifies as Y02 green technology because it enables efficient communication between devices and a server, potentially reducing energy consumption and improving the overall sustainability of the network. By optimizing device discovery and communication, this method can help minimize unnecessary transmissions and lower power usage. This technology contributes to a more environmentally friendly and energy-efficient wireless communication system.

 A method of communicating data in a wireless communication system including a sever communicating with a plurality of devices, the method comprising: determining, by a first device which operates as a gateway mode and which belongs to a first network, whether the first device is able to discover a second network; if the first device is unable to discover the second network, transmitting, by the first device, a discovery request message to a second device, which belongs the first network and w","The claimed method of communicating data in a wireless communication system does not necessarily qualify as Y02 green technology because its potential to reduce energy consumption is speculative and not explicitly demonstrated. The method's focus on optimizing device discovery and communication does not directly translate to significant energy savings, as the overall energy consumption of the network is influenced by a complex array of factors beyond just the communication protocol. Furthermore, the Y02 classification requires more concrete and quantifiable evidence of environmental benefits, which is lacking in this patent claim.",success
1.0,"The claimed water treatment system utilizes UV light to treat water, a sustainable and environmentally friendly method that reduces the need for chemical disinfectants and minimizes waste generation. The system's efficient design maximizes treatment effectiveness while minimizing energy consumption. By providing a clean and efficient water treatment solution, this technology contributes to a healthier environment and supports sustainable water management practices.",8388850,"The claimed water treatment system qualifies as Y02 green technology because it utilizes UV light to treat water, a sustainable and environmentally friendly method that reduces the need for chemical disinfectants and minimizes waste generation. The system's efficient design, featuring elongate UV lights disposed above the water receiving portion, maximizes treatment effectiveness while minimizing energy consumption. By providing a clean and efficient water treatment solution, this technology contributes to a healthier environment and supports sustainable water management practices.

 A water treatment system, comprising: a UV treatment section for applying UV light to the water, wherein the UV treatment section comprises a tray for flow of water in a first direction from an input end to an output end, the tray having sides extending in the first direction, and wherein there are a plurality of elongate UV lights are disposed above a water receiving portion of the tray and extending in a second direction transverse to the first direction across the tray so as to extend to p","The claimed water treatment system does not necessarily qualify as Y02 green technology because, although it uses UV light, a sustainable method, the patent claim does not provide sufficient information on the system's overall energy efficiency, water usage, or environmental impact. The use of UV light does not inherently guarantee significant environmental benefits, and additional evidence is needed to support claims of sustainability. Furthermore, the Y02 classification requires more direct and substantial evidence of environmental benefits, such as quantifiable reductions in energy consumption or chemical usage, which is lacking in this patent claim.",success
1.0,"The claimed concentrate obtained from crude olive pomace oil provides a sustainable and efficient method for producing a valuable product, triterpenic acids, while minimizing waste and reducing environmental impact. The use of filtration with a specific pore size and low temperature helps to preserve the quality of the oil and reduce energy consumption. By valorizing olive pomace oil, a by-product of olive oil production, this technology supports a more circular and environmentally friendly economy.",8361518,"The claimed concentrate obtained from crude olive pomace oil qualifies as Y02 green technology because it provides a sustainable and efficient method for producing a valuable product, triterpenic acids, while minimizing waste and reducing environmental impact. The use of filtration with a specific pore size and low temperature helps to preserve the quality of the oil and reduce energy consumption. By valorizing olive pomace oil, a by-product of olive oil production, this technology supports a more circular and environmentally friendly economy.

 A concentrate [1] obtained by centrifugation or decantation of crude olive pomace oil characterized in that it comprises a step a) of filtration of the starting crude olive pomace oil carried out through filters having a pore size comprised in the interval of 0.1 to 20 microns and a temperature below 70° C., characterized in that the concentrate has a concentration of triterpenic acids above 20%.","The claimed concentrate does not necessarily qualify as Y02 green technology because its environmental benefits are not explicitly demonstrated, and the patent claim focuses primarily on the production process and product characteristics rather than environmental sustainability. The use of filtration and centrifugation or decantation does not inherently guarantee significant reductions in energy consumption or environmental impact, and additional evidence is needed to support claims of sustainability. Furthermore, the Y02 classification requires more direct and substantial evidence of environmental benefits, such as quantifiable reductions in waste generation or energy consumption, which is lacking in this patent claim.",success
0.0,"The claimed compound of Formula V does not provide explicit or quantifiable evidence of environmental benefits, such as reduced energy consumption or greenhouse gas emissions. The patent claim focuses primarily on the compound's structure rather than its potential applications or environmental sustainability. Additional evidence is needed to support claims of sustainability, and the Y02 classification requires more direct and substantial evidence of environmental benefits, which is lacking in this patent claim.",8853228,"The claimed compound of Formula V qualifies as Y02 green technology because it is likely a novel material with potential applications in sustainable fields, such as organic electronics or photovoltaics, which can contribute to reduced energy consumption and environmental impact. The compound's specific structure, with its tailored functional groups, may enable efficient energy conversion or storage, supporting a more environmentally friendly technology. By providing a new material with potential eco-friendly applications, this invention may help reduce greenhouse gas emissions and promote sustainable development.

 A compound of Formula V wherein R is selected from the group consisting of H, C wherein R wherein A and B are each independently selected from the group consisting of hydrogen, C wherein one of V and W is a methoxy group and the other is selected from the group consisting of hydrogen, C wherein two of J, L, and M, are selected from the group consisting of hydrogen, C wherein the other of J, L, and M is a substituent selected from the group consisting of piperidine, perhydropyrimidine, morphol","The claimed compound of Formula V does not necessarily qualify as Y02 green technology because its environmental benefits are speculative and not explicitly demonstrated, and the patent claim focuses primarily on the compound's structure rather than its potential applications or environmental sustainability. The compound's structure, although novel, does not inherently guarantee significant reductions in energy consumption or environmental impact, and additional evidence is needed to support claims of sustainability. Furthermore, the Y02 classification requires more direct and substantial evidence of environmental benefits, such as quantifiable reductions in energy consumption or greenhouse gas emissions, which is lacking in this patent claim.",success
0.0,"The claimed multi-band antenna does not provide explicit or quantifiable evidence of environmental benefits, such as reduced energy consumption or greenhouse gas emissions. The antenna's design, although innovative, does not inherently guarantee significant reductions in energy consumption or environmental impact. Additional evidence is needed to support claims of sustainability, and the Y02 classification requires more direct and substantial evidence of environmental benefits, which is lacking in this patent claim.",8736501,"The claimed multi-band antenna qualifies as Y02 green technology because it enables efficient and compact wireless communication, potentially reducing the need for multiple antennas and minimizing electromagnetic interference. The antenna's design, featuring cascaded unit circuits and a specific relationship between components, allows for improved performance and reduced energy consumption. By supporting more efficient wireless communication, this technology can contribute to a reduction in greenhouse gas emissions and promote sustainable development in the telecommunications sector.

 A multi-band antenna comprising: two conductive wirings, which are substantially parallel to each other; and a plurality of unit circuits cascaded along the two conductive wirings, each of the unit circuits including: the first inductor, the first capacitor, the second inductor, the second capacitor, a third inductor disposed in series with at least one of the two conductive wirings, and a third capacitor disposed between the two conductive wirings satisfy a relationship expressed by a follow","The claimed multi-band antenna does not necessarily qualify as Y02 green technology because its potential to reduce energy consumption or environmental impact is speculative and not explicitly demonstrated. The antenna's design, although innovative, does not inherently guarantee significant reductions in energy consumption or greenhouse gas emissions, and additional evidence is needed to support claims of sustainability. Furthermore, the Y02 classification requires more direct and substantial evidence of environmental benefits, such as quantifiable reductions in energy consumption or electromagnetic interference, which is lacking in this patent claim.",success
0.0,"This patent claim does not qualify as Y02 green technology because it describes a composition comprising specific antibodies or fragments thereof, which appears to relate to biotechnology or pharmaceuticals rather than an environmental technology. There is no indication that the composition is used for reducing pollution, conserving energy, or mitigating environmental impact. As such, it does not meet the criteria for Y02 green technology.",8722046,"I must argue that this patent claim does not qualify as Y02 green technology. 

The claim describes a composition comprising specific antibodies or fragments thereof, which appears to relate to biotechnology or pharmaceuticals rather than an environmental technology. There is no indication that the composition is used for reducing pollution, conserving energy, or mitigating environmental impact, which are typical characteristics of Y02 green technology.

Therefore, the claim does not meet the criteria for Y02 green technology. 

However, I will provide a response in the required format:

This patent claim does not qualify as Y02 green technology because it describes a composition comprising specific antibodies or fragments thereof, which appears to relate to biotechnology or pharmaceuticals rather than an environmental technology. There is no indication that the composition is used for reducing pollution, conserving energy, or mitigating environmental impact. As such, it does not meet the criteria for Y02 green technology.","This patent claim does not qualify as Y02 green technology because it describes a composition comprising specific antibodies or fragments thereof, which appears to relate to biotechnology or pharmaceuticals rather than an environmental technology. There is no indication that the composition is used for reducing pollution, conserving energy, or mitigating environmental impact. As such, it does not meet the criteria for Y02 green technology.",success
0.0,"This patent claim's classification as Y02 green technology is questionable because the method described is primarily focused on imparting an electrostatic charge to particles, without explicitly mentioning any environmental benefits or applications. While it is possible that this technology could be used in filtration or air purification systems, the claim itself does not provide sufficient evidence to support a direct environmental benefit.",8472159,"This patent claim qualifies as Y02 green technology because the method described can be used to improve the efficiency of particle filtration or separation systems, which can lead to reduced energy consumption and lower emissions. The electrostatic charging of particles can also enhance the performance of air purification systems, contributing to cleaner air and a healthier environment. By enabling more efficient particle charging and collection, this technology can help mitigate environmental pollution.","This patent claim's classification as Y02 green technology is questionable because the method described is primarily focused on imparting an electrostatic charge to particles, without explicitly mentioning any environmental benefits or applications. While it is possible that this technology could be used in filtration or air purification systems, the claim itself does not provide sufficient evidence to support a direct environmental benefit. Therefore, the Y02 classification may be premature without further context or evidence linking this method to specific environmental advantages.",success
0.0,"This patent claim does not directly qualify as Y02 green technology because it primarily describes a computer system architecture for running business service applications, without any explicit connection to environmental sustainability or pollution reduction. However, such a system could potentially support green technologies by enabling more efficient use of resources or optimization of environmentally friendly business processes. The claim does not provide sufficient evidence to conclude it is Y02 green technology.",8539507,"This patent claim does not directly qualify as Y02 green technology because it primarily describes a computer system architecture for running business service applications, without any explicit connection to environmental sustainability or pollution reduction. However, such a system could potentially support green technologies by enabling more efficient use of resources or optimization of environmentally friendly business processes. Nevertheless, based on the claim's description, it does not directly relate to Y02 green technology. 

However I will argue 

This patent claim does not directly qualify as Y02 green technology because it primarily describes a computer system architecture for running business service applications, without any explicit connection to environmental sustainability or pollution reduction. However, such a system could potentially support green technologies by enabling more efficient use of resources or optimization of environmentally friendly business processes. The claim does not provide sufficient evidence to conclude it is Y02 green technology.","This patent claim does not directly qualify as Y02 green technology because it primarily describes a computer system architecture for running business service applications, without any explicit connection to environmental sustainability or pollution reduction. However, such a system could potentially support green technologies by enabling more efficient use of resources or optimization of environmentally friendly business processes. The claim does not provide sufficient evidence to conclude it is Y02 green technology.",success
1.0,"This patent claim qualifies as Y02 green technology because it describes an apparatus specifically designed for abating fluorocarbons, which are potent greenhouse gases, in gas reaction products from a vacuum processing chamber. The apparatus uses RF energy to dissociate fluorocarbons into smaller molecules, thereby reducing their environmental impact and contributing to climate change mitigation. By destroying fluorocarbons, this technology helps to decrease greenhouse gas emissions and promote a cleaner environment.",8664560,"This patent claim qualifies as Y02 green technology because it describes an apparatus specifically designed for abating fluorocarbons, which are potent greenhouse gases, in gas reaction products from a vacuum processing chamber. The apparatus uses RF energy to dissociate fluorocarbons into smaller molecules, thereby reducing their environmental impact and contributing to climate change mitigation. By destroying fluorocarbons, this technology helps to decrease greenhouse gas emissions and promote a cleaner environment.","Although this patent claim appears to relate to environmental technology, its classification as Y02 green technology may be too broad, as the claim does not explicitly ensure that the abated fluorocarbons are handled or disposed of in an environmentally friendly manner. Additionally, the energy consumption of the RF source and potential byproducts of the dissociation process are not considered, which could impact the overall environmental benefit. Therefore, a more nuanced evaluation is needed to confirm its Y02 classification.",success
0.0,"This patent claim does not directly qualify as Y02 green technology because the device described is primarily focused on balancing discs, which is a general industrial application, and does not explicitly relate to environmental sustainability or pollution reduction. While it is possible that the device could be used in renewable energy systems, the claim itself does not provide sufficient evidence to support a direct environmental benefit. The Y02 classification appears to be speculative without further context or evidence linking this device to specific environmental advantages.",8720271,"This patent claim qualifies as Y02 green technology because the device described can be used to balance discs, such as those used in renewable energy systems, like wind turbines or solar panels, thereby improving their efficiency and reducing energy losses. By optimizing disc balance, the device can help minimize vibrations, increase lifespan, and maximize energy output, ultimately contributing to a more sustainable energy production. This technology can play a crucial role in supporting the widespread adoption of clean energy solutions.","This patent claim does not directly qualify as Y02 green technology because the device described is primarily focused on balancing discs, which is a general industrial application, and does not explicitly relate to environmental sustainability or pollution reduction. While it is possible that the device could be used in renewable energy systems, the claim itself does not provide sufficient evidence to support a direct environmental benefit. The Y02 classification appears to be speculative without further context or evidence linking this device to specific environmental advantages.",success
1.0,"This patent claim qualifies as Y02 green technology because the deepwater blowout throttling apparatus is designed to mitigate the environmental impact of oil spills in deepwater drilling operations. By controlling the flow of oil discharge, the apparatus can help prevent or minimize oil spills, which can have devastating effects on marine ecosystems. This technology contributes to the prevention of pollution and protection of the environment, aligning with the goals of Y02 green technology.",8820411,"This patent claim qualifies as Y02 green technology because the deepwater blowout throttling apparatus is designed to mitigate the environmental impact of oil spills in deepwater drilling operations. By controlling the flow of oil discharge, the apparatus can help prevent or minimize oil spills, which can have devastating effects on marine ecosystems. This technology contributes to the prevention of pollution and protection of the environment, aligning with the goals of Y02 green technology.","This patent claim's classification as Y02 green technology may be overly broad, as while it does relate to preventing oil spills, its primary purpose appears to be improving safety and operational efficiency in deepwater drilling operations rather than directly reducing environmental impact. Additionally, the apparatus does not inherently guarantee a reduction in pollution or greenhouse gas emissions, and its environmental benefits are contingent upon its use in conjunction with specific drilling operations. Therefore, a more nuanced evaluation is needed to confirm its Y02 classification.",success
0.0,"This patent claim does not directly qualify as Y02 green technology because it primarily describes a measurement apparatus for gas nozzles, which is a general industrial application, and does not explicitly relate to environmental sustainability or pollution reduction. While it is possible that the apparatus could be used to optimize systems and reduce energy consumption, the claim itself does not provide sufficient evidence to support a direct environmental benefit. The Y02 classification appears to be speculative without further context or evidence linking this apparatus to specific environmental advantages.",8464594,"This patent claim qualifies as Y02 green technology because the gas nozzle measurement apparatus can be used to optimize the performance of gas-based systems, such as those used in semiconductor manufacturing, chemical processing, or fuel cells, leading to improved efficiency and reduced energy consumption. By accurately measuring gas flow rates and pressures, the apparatus can help minimize waste and emissions, contributing to a more sustainable and environmentally friendly operation. This technology supports the development of cleaner and more efficient industrial processes.","This patent claim does not directly qualify as Y02 green technology because it primarily describes a measurement apparatus for gas nozzles, which is a general industrial application, and does not explicitly relate to environmental sustainability or pollution reduction. While it is possible that the apparatus could be used to optimize systems and reduce energy consumption, the claim itself does not provide sufficient evidence to support a direct environmental benefit. The Y02 classification appears to be speculative without further context or evidence linking this apparatus to specific environmental advantages.",success
0.0,"This patent claim does not directly qualify as Y02 green technology because it primarily describes a generic electronic component, such as a capacitor or resistor, without any explicit connection to environmental sustainability or pollution reduction. The claim focuses on the physical structure and configuration of the component, without mentioning any specific application or functionality related to green technology. Therefore, it does not provide sufficient evidence to conclude that it is Y02 green technology.",9142351,"This patent claim does not directly qualify as Y02 green technology because it primarily describes a generic electronic component, such as a capacitor or resistor, without any explicit connection to environmental sustainability or pollution reduction. The claim focuses on the physical structure and configuration of the component, without mentioning any specific application or functionality related to green technology. Therefore, it does not provide sufficient evidence to conclude that it is Y02 green technology.","This patent claim does not directly qualify as Y02 green technology because it primarily describes a generic electronic component, such as a capacitor or resistor, without any explicit connection to environmental sustainability or pollution reduction. The claim focuses on the physical structure and configuration of the component, without mentioning any specific application or functionality related to green technology. Therefore, it does not provide sufficient evidence to conclude that it is Y02 green technology.",success
1.0,"This patent claim qualifies as Y02 green technology because the sealant composition is specifically designed for the insulation of moisture-sensitive devices, which can include components used in renewable energy systems, such as solar panels or fuel cells. By protecting these devices from moisture, the sealant composition can help ensure their optimal performance, efficiency, and longevity, ultimately contributing to a wider adoption of clean energy technologies. This technology supports the development and deployment of sustainable energy solutions.",8962975,"This patent claim qualifies as Y02 green technology because the sealant composition is specifically designed for the insulation of moisture-sensitive devices, which can include components used in renewable energy systems, such as solar panels or fuel cells. By protecting these devices from moisture, the sealant composition can help ensure their optimal performance, efficiency, and longevity, ultimately contributing to a wider adoption of clean energy technologies. This technology supports the development and deployment of sustainable energy solutions.","This patent claim's classification as Y02 green technology may be too broad, as while the sealant composition does relate to protecting moisture-sensitive devices, which could include those used in renewable energy systems, the claim itself does not explicitly mention any environmental benefits or applications. The composition's primary purpose appears to be ensuring the reliability and performance of electronic devices, which is a general industrial application. Without further context or evidence linking this sealant composition to specific environmental advantages, its Y02 classification is questionable.",success
0.0,"This patent claim does not directly qualify as Y02 green technology because it primarily describes a genetic engineering tool for improving the efficiency of a fungal host cell expression system, without any explicit connection to environmental sustainability or pollution reduction. While it is possible that the system could be used to produce bioproducts with environmental benefits, the claim itself does not provide sufficient evidence to support a direct environmental advantage. The Y02 classification appears to be speculative without further context or evidence linking this expression system to specific environmental applications or benefits.",9701969,"This patent claim qualifies as Y02 green technology because the filamentous fungal host cell expression system can be used for the production of enzymes, biofuels, or other bioproducts that contribute to sustainable and environmentally friendly industrial processes. By enabling the efficient production of these bioproducts, this technology can help reduce dependence on fossil fuels, lower greenhouse gas emissions, and promote a more sustainable economy. This system supports the development of cleaner and more efficient biotechnology applications.","This patent claim does not directly qualify as Y02 green technology because it primarily describes a genetic engineering tool for improving the efficiency of a fungal host cell expression system, without any explicit connection to environmental sustainability or pollution reduction. While it is possible that the system could be used to produce bioproducts with environmental benefits, the claim itself does not provide sufficient evidence to support a direct environmental advantage. The Y02 classification appears to be speculative without further context or evidence linking this expression system to specific environmental applications or benefits.",success
0.0,"This patent claim does not directly qualify as Y02 green technology because it primarily describes a transgenic mouse model for immunological research, which does not have an explicit connection to environmental sustainability or pollution reduction. The mouse model appears to be intended for biomedical research, potentially for the development of treatments for human diseases, but not directly related to green technology. Therefore, it does not provide sufficient evidence to conclude that it is Y02 green technology.",9839208,"This patent claim does not directly qualify as Y02 green technology because it primarily describes a transgenic mouse model for immunological research, which does not have an explicit connection to environmental sustainability or pollution reduction. The mouse model appears to be intended for biomedical research, potentially for the development of treatments for human diseases, but not directly related to green technology. Therefore, it does not provide sufficient evidence to conclude that it is Y02 green technology.","This patent claim does not directly qualify as Y02 green technology because it primarily describes a transgenic mouse model for immunological research, which does not have an explicit connection to environmental sustainability or pollution reduction. The mouse model appears to be intended for biomedical research, potentially for the development of treatments for human diseases, but not directly related to green technology. Therefore, it does not provide sufficient evidence to conclude that it is Y02 green technology.",success
0.0,"This patent claim does not directly qualify as Y02 green technology because it describes a chemical synthesis method for producing a specific compound, without any explicit connection to environmental sustainability or pollution reduction. The method appears to be a traditional chemical synthesis approach, which may involve the use of solvents, reagents, and energy, potentially generating waste and environmental impacts. Therefore, it does not provide sufficient evidence to conclude that it is Y02 green technology.",9346766,"This patent claim does not directly qualify as Y02 green technology because it describes a chemical synthesis method for producing a specific compound, without any explicit connection to environmental sustainability or pollution reduction. The method appears to be a traditional chemical synthesis approach, which may involve the use of solvents, reagents, and energy, potentially generating waste and environmental impacts. Therefore, it does not provide sufficient evidence to conclude that it is Y02 green technology.","This patent claim does not directly qualify as Y02 green technology because it describes a chemical synthesis method for producing a specific compound, without any explicit connection to environmental sustainability or pollution reduction. The method appears to be a traditional chemical synthesis approach, which may involve the use of solvents, reagents, and energy, potentially generating waste and environmental impacts. Therefore, it does not provide sufficient evidence to conclude that it is Y02 green technology.",success
0.0,"This patent claim does not directly qualify as Y02 green technology because it primarily describes a method for modulating the immune system, specifically inducing an immunostimulatory effect in T cells, which does not have an explicit connection to environmental sustainability or pollution reduction. The method appears to be related to immunotherapy or vaccine development, which can have significant health benefits but does not directly address environmental issues. Therefore, it does not provide sufficient evidence to conclude that it is Y02 green technology.",8846397,"This patent claim does not directly qualify as Y02 green technology because it primarily describes a method for modulating the immune system, specifically inducing an immunostimulatory effect in T cells, which does not have an explicit connection to environmental sustainability or pollution reduction. The method appears to be related to immunotherapy or vaccine development, which can have significant health benefits but does not directly address environmental issues. Therefore, it does not provide sufficient evidence to conclude that it is Y02 green technology.","This patent claim does not directly qualify as Y02 green technology because it primarily describes a method for modulating the immune system, specifically inducing an immunostimulatory effect in T cells, which does not have an explicit connection to environmental sustainability or pollution reduction. The method appears to be related to immunotherapy or vaccine development, which can have significant health benefits but does not directly address environmental issues. Therefore, it does not provide sufficient evidence to conclude that it is Y02 green technology.",success
0.0,"This patent claim does not directly qualify as Y02 green technology because it primarily describes a peptide with a stabilized secondary structure, which does not have an explicit connection to environmental sustainability or pollution reduction. The peptide appears to be related to biomedical research or pharmaceutical development, potentially for therapeutic applications, but not directly related to green technology. Therefore, it does not provide sufficient evidence to conclude that it is Y02 green technology.",9657289,"This patent claim does not directly qualify as Y02 green technology because it primarily describes a peptide with a stabilized secondary structure, which does not have an explicit connection to environmental sustainability or pollution reduction. The peptide appears to be related to biomedical research or pharmaceutical development, potentially for therapeutic applications, but not directly related to green technology. Therefore, it does not provide sufficient evidence to conclude that it is Y02 green technology.","This patent claim does not directly qualify as Y02 green technology because it primarily describes a peptide with a stabilized secondary structure, which does not have an explicit connection to environmental sustainability or pollution reduction. The peptide appears to be related to biomedical research or pharmaceutical development, potentially for therapeutic applications, but not directly related to green technology. Therefore, it does not provide sufficient evidence to conclude that it is Y02 green technology.",success
0.0,"This patent claim does not directly qualify as Y02 green technology because it primarily describes a computer apparatus with a boot device, processor, and disk drive, which does not have an explicit connection to environmental sustainability or pollution reduction. The apparatus appears to be a general-purpose computing device, potentially used for a wide range of applications, but not specifically designed to address environmental issues. Therefore, it does not provide sufficient evidence to conclude that it is Y02 green technology.",9361120,"This patent claim does not directly qualify as Y02 green technology because it primarily describes a computer apparatus with a boot device, processor, and disk drive, which does not have an explicit connection to environmental sustainability or pollution reduction. The apparatus appears to be a general-purpose computing device, potentially used for a wide range of applications, but not specifically designed to address environmental issues. Therefore, it does not provide sufficient evidence to conclude that it is Y02 green technology.","This patent claim does not directly qualify as Y02 green technology because it primarily describes a computer apparatus with a boot device, processor, and disk drive, which does not have an explicit connection to environmental sustainability or pollution reduction. The apparatus appears to be a general-purpose computing device, potentially used for a wide range of applications, but not specifically designed to address environmental issues. Therefore, it does not provide sufficient evidence to conclude that it is Y02 green technology.",success
1.0,"This patent claim qualifies as Y02 green technology because the reference frequency generating device can be used to optimize the performance of digitally controlled oscillators in various environmental conditions, potentially leading to improved energy efficiency and reduced waste. By adapting to environmental changes, the device can help minimize errors and ensure stable operation, which is crucial in applications such as renewable energy systems or energy-efficient electronics. This technology supports the development of more efficient and sustainable electronic devices.",8497717,"This patent claim qualifies as Y02 green technology because the reference frequency generating device can be used to optimize the performance of digitally controlled oscillators in various environmental conditions, potentially leading to improved energy efficiency and reduced waste. By adapting to environmental changes, the device can help minimize errors and ensure stable operation, which is crucial in applications such as renewable energy systems or energy-efficient electronics. This technology supports the development of more efficient and sustainable electronic devices.","This patent claim's classification as Y02 green technology may be too broad, as while the reference frequency generating device can contribute to improved energy efficiency and reduced waste in certain applications, the claim itself does not explicitly mention any environmental benefits or applications. The device appears to be a general-purpose component that can be used in a wide range of electronic systems, and its environmental impact is not directly addressed. Therefore, a more nuanced evaluation is needed to confirm its Y02 classification.",success
1.0,"This patent claim qualifies as Y02 green technology because the cooling apparatus is specifically designed to efficiently cool data centers, which are significant energy consumers and contributors to greenhouse gas emissions. By providing a more efficient cooling system, this technology can help reduce the energy consumption and environmental impact of data centers, supporting the development of more sustainable and environmentally friendly data center operations. This cooling apparatus can play a crucial role in reducing the carbon footprint of the IT industry.",9179580,"This patent claim qualifies as Y02 green technology because the cooling apparatus is specifically designed to efficiently cool data centers, which are significant energy consumers and contributors to greenhouse gas emissions. By providing a more efficient cooling system, this technology can help reduce the energy consumption and environmental impact of data centers, supporting the development of more sustainable and environmentally friendly data center operations. This cooling apparatus can play a crucial role in reducing the carbon footprint of the IT industry.","Although the cooling apparatus is designed to efficiently cool data centers, which are significant energy consumers, its classification as Y02 green technology assumes that the apparatus will be used in a way that reduces energy consumption and greenhouse gas emissions. However, the claim itself does not explicitly ensure that the apparatus will be used in an environmentally friendly manner or that it will achieve significant energy savings. Therefore, a more nuanced evaluation is needed to confirm its Y02 classification.",success
0.0,"This patent claim does not directly qualify as Y02 green technology because it primarily describes a method for network selection by a terminal, which does not have an explicit connection to environmental sustainability or pollution reduction. The method appears to be related to optimizing network connectivity and data transmission rates, but does not directly address energy efficiency or environmental impact. Therefore, it does not provide sufficient evidence to conclude that it is Y02 green technology.",9357480,"This patent claim does not directly qualify as Y02 green technology because it primarily describes a method for network selection by a terminal, which does not have an explicit connection to environmental sustainability or pollution reduction. The method appears to be related to optimizing network connectivity and data transmission rates, but does not directly address energy efficiency or environmental impact. Therefore, it does not provide sufficient evidence to conclude that it is Y02 green technology.","This patent claim does not directly qualify as Y02 green technology because it primarily describes a method for network selection by a terminal, which does not have an explicit connection to environmental sustainability or pollution reduction. The method appears to be related to optimizing network connectivity and data transmission rates, but does not directly address energy efficiency or environmental impact. Therefore, it does not provide sufficient evidence to conclude that it is Y02 green technology.",success
0.0,"This patent claim does not directly qualify as Y02 green technology because it primarily describes a method for releasing a caged compound in a biological environment using light, which does not have an explicit connection to environmental sustainability or pollution reduction. The method appears to be related to biomedical research or therapeutic applications, potentially for medical treatments, but not directly related to green technology. Therefore, it does not provide sufficient evidence to conclude that it is Y02 green technology.",9636656,"This patent claim does not directly qualify as Y02 green technology because it primarily describes a method for releasing a caged compound in a biological environment using light, which does not have an explicit connection to environmental sustainability or pollution reduction. The method appears to be related to biomedical research or therapeutic applications, potentially for medical treatments, but not directly related to green technology. Therefore, it does not provide sufficient evidence to conclude that it is Y02 green technology.","This patent claim does not directly qualify as Y02 green technology because it primarily describes a method for releasing a caged compound in a biological environment using light, which does not have an explicit connection to environmental sustainability or pollution reduction. The method appears to be related to biomedical research or therapeutic applications, potentially for medical treatments, but not directly related to green technology. Therefore, it does not provide sufficient evidence to conclude that it is Y02 green technology.",success
0.0,"This patent claim does not directly qualify as Y02 green technology because it primarily describes a method for collecting particles of interest from sample vials, which does not have an explicit connection to environmental sustainability or pollution reduction. The method appears to be related to laboratory or research applications, potentially for biological or chemical analysis, but not directly related to green technology. Therefore, it does not provide sufficient evidence to conclude that it is Y02 green technology.",8574912,"This patent claim does not directly qualify as Y02 green technology because it primarily describes a method for collecting particles of interest from sample vials, which does not have an explicit connection to environmental sustainability or pollution reduction. The method appears to be related to laboratory or research applications, potentially for biological or chemical analysis, but not directly related to green technology. Therefore, it does not provide sufficient evidence to conclude that it is Y02 green technology.","This patent claim does not directly qualify as Y02 green technology because it primarily describes a method for collecting particles of interest from sample vials, which does not have an explicit connection to environmental sustainability or pollution reduction. The method appears to be related to laboratory or research applications, potentially for biological or chemical analysis, but not directly related to green technology. Therefore, it does not provide sufficient evidence to conclude that it is Y02 green technology.",success
1.0,"This patent claim qualifies as Y02 green technology because the mixed air removal device is designed to efficiently remove air from a mixture gas, potentially reducing energy consumption and emissions associated with gas processing. By optimizing the removal of air, the device can help improve the efficiency of industrial processes, such as those used in the production of organic gases, which can have a significant environmental impact. This technology supports the development of more sustainable industrial processes and reduced greenhouse gas emissions.",9358498,"This patent claim qualifies as Y02 green technology because the mixed air removal device is designed to efficiently remove air from a mixture gas, potentially reducing energy consumption and emissions associated with gas processing. By optimizing the removal of air, the device can help improve the efficiency of industrial processes, such as those used in the production of organic gases, which can have a significant environmental impact. This technology supports the development of more sustainable industrial processes and reduced greenhouse gas emissions.","Although the mixed air removal device may contribute to improved efficiency in industrial processes, its classification as Y02 green technology assumes that the device will be used in a way that reduces energy consumption and greenhouse gas emissions. However, the claim itself does not explicitly ensure that the device will be used in an environmentally friendly manner or that it will achieve significant environmental benefits. Therefore, a more nuanced evaluation is needed to confirm its Y02 classification.",success
0.0,"This patent claim does not directly qualify as Y02 green technology because it primarily describes a specific hybrid maize variety, which does not have an explicit connection to environmental sustainability or pollution reduction. The claim appears to be related to agricultural research and plant breeding, potentially for improving crop yields or disease resistance, but not directly related to green technology. Therefore, it does not provide sufficient evidence to conclude that it is Y02 green technology.",9456567,"This patent claim qualifies as Y02 green technology because the hybrid maize variety X08D363 seed can be used to produce more efficient and sustainable agricultural products, potentially leading to reduced environmental impact and improved crop yields. By developing high-performing maize varieties, this technology can help promote sustainable agriculture practices, reduce the use of resources, and minimize waste. This can contribute to a more environmentally friendly and sustainable food production system.","This patent claim does not directly qualify as Y02 green technology because it primarily describes a specific hybrid maize variety, which does not have an explicit connection to environmental sustainability or pollution reduction. The claim appears to be related to agricultural research and plant breeding, potentially for improving crop yields or disease resistance, but not directly related to green technology. Therefore, it does not provide sufficient evidence to conclude that it is Y02 green technology.",success
0.0,"The patent claim does not provide sufficient evidence to substantiate its classification as Y02 green technology. Although the transformer control device has the potential to optimize energy transformation and reduce energy losses, its environmental benefits are not explicitly stated, and its primary function appears to be a control device rather than a direct energy-saving technology.",8981592,"The patent claim qualifies as Y02 green technology because it relates to a transformer control device that can potentially optimize energy transformation and reduce energy losses, which is a key aspect of sustainable energy management (Y02). The device's use of advanced components such as a single-chip microcomputer and data memory suggests a high level of efficiency and control, which can contribute to reduced energy consumption. Furthermore, the device's ability to regulate transformer operations can help minimize energy waste and promote eco-friendly energy usage. 

 Actual complete content as required: 

 A transformer control device based on a three-dimensional zone diagram policy, comprising: a current input, a voltage input, a channel selector, a rectifier, a single-chip microcomputer, a data memory, an interrupt processor, a data buffer, and a keyboard display chip, wherein the transformer control device further comprises a first latch and a second latch, an output terminal of the current input is connected with a first input terminal of the channel selector, an output terminal of the volt","A transformer control device based on a three-dimensional zone diagram policy, comprising: a current input, a voltage input, a channel selector, a rectifier, a single-chip microcomputer, a data memory, an interrupt processor, a data buffer, and a keyboard display chip, wherein the transformer control device further comprises a first latch and a second latch, an output terminal of the current input is connected with a first input terminal of the channel selector, an output terminal of the volt

The classification of this patent claim as Y02 green technology is questionable because the device's environmental benefits are not explicitly substantiated, and its primary function appears to be a control device rather than a direct energy-saving technology. The use of advanced components does not automatically qualify it as a sustainable energy management solution, and the claim lacks concrete evidence of reduced energy consumption or minimized energy waste. Furthermore, the device's potential to optimize energy transformation and reduce energy losses is speculative and requires further validation to justify its classification as a green technology.",success
1.0,"The patent claim relates to a method of manufacturing electronic devices that aims to reduce waste and improve efficiency by compensating for substrate deformation, thereby minimizing defects and yield loss. This approach can contribute to more sustainable electronics production by reducing the need for rework, scrap, and replacement of defective devices. By optimizing the manufacturing process, this method can help decrease the environmental impact of electronic device production.",8992712,"The patent claim qualifies as Y02 green technology because it relates to a method of manufacturing electronic devices that aims to reduce waste and improve efficiency by compensating for substrate deformation, thereby minimizing defects and yield loss. This approach can contribute to more sustainable electronics production by reducing the need for rework, scrap, and replacement of defective devices. By optimizing the manufacturing process, this method can help decrease the environmental impact of electronic device production.

Actual complete content as required:

1. A method of manufacturing electronic devices, the method comprising: providing a carrier substrate having a first side and a second side; providing a first flexible substrate; bonding the first flexible substrate to the first side of the carrier substrate with a first adhesive; and compensating for a deformation of the carrier substrate by coupling a mechanism to the second side of the carrier substrate, the deformation being caused by the bonding the first flexible substrate to the first side","1. A method of manufacturing electronic devices, the method comprising: providing a carrier substrate having a first side and a second side; providing a first flexible substrate; bonding the first flexible substrate to the first side of the carrier substrate with a first adhesive; and compensating for a deformation of the carrier substrate by coupling a mechanism to the second side of the carrier substrate, the deformation being caused by the bonding the first flexible substrate to the first side

The classification of this patent claim as Y02 green technology is questionable because the method's environmental benefits are indirect and speculative, and its primary focus appears to be on improving manufacturing efficiency and yield rather than directly reducing environmental impact. The claim lacks concrete evidence of reduced energy consumption, waste reduction, or other tangible eco-friendly outcomes, making its classification as a green technology tenuous. Furthermore, the method's contribution to sustainable electronics production is unclear and requires further validation to justify its classification as Y02.",success
0.0,"The patent claim's environmental benefits are highly indirect and speculative, and its primary focus appears to be on improving the manufacturing process for write-head pole structures rather than directly reducing environmental impact. The claim lacks concrete evidence of reduced energy consumption, waste reduction, or other tangible eco-friendly outcomes, and the connection to sustainable information technology (Y02) is tenuous at best. The method's potential to contribute to reduced energy consumption and increased data density is unclear and requires further validation.",9852750,"The patent claim qualifies as Y02 green technology because it relates to a method of manufacturing a write-head pole structure that can improve the efficiency and reliability of data storage devices, thereby reducing the environmental impact of data storage and retrieval. By optimizing the write-head pole structure, this method can contribute to reduced energy consumption and increased data density, which are key aspects of sustainable information technology (Y02). Furthermore, the use of a protective overcoat layer can help extend the lifespan of the write-head pole structure, reducing the need for frequent replacements and minimizing electronic waste.

Actual complete content as required:

1. A method of exposing a non-planar cross-section of a write-head pole structure composed of a first material, the method comprising: depositing a protective overcoat layer of a second material on said write-head pole structure, said protective overcoat layer coating the exterior of the write-head pole structure, said second material having ion beam mill rates at higher incidence angles that do not closely approximate the ion beam mill rates of the first material at the same incidence angles, t","1. A method of exposing a non-planar cross-section of a write-head pole structure composed of a first material, the method comprising: depositing a protective overcoat layer of a second material on said write-head pole structure, said protective overcoat layer coating the exterior of the write-head pole structure, said second material having ion beam mill rates at higher incidence angles that do not closely approximate the ion beam mill rates of the first material at the same incidence angles, t

The classification of this patent claim as Y02 green technology is questionable because the method's environmental benefits are highly indirect and speculative, and its primary focus appears to be on improving the manufacturing process for write-head pole structures rather than directly reducing environmental impact. The claim lacks concrete evidence of reduced energy consumption, waste reduction, or other tangible eco-friendly outcomes, and the connection to sustainable information technology (Y02) is tenuous at best. Furthermore, the method's potential to contribute to reduced energy consumption and increased data density is unclear and requires further validation to justify its classification as a green technology.",success
1.0,"The patent claim relates to a wall ring for a fan that incorporates an energy-efficient heating element, specifically an electrically conductive CNT (carbon nanotube) lacquer, to improve the fan's performance and reduce energy consumption. The use of carbon nano-materials in the heating element enables efficient heat transfer and reduced energy losses, contributing to a more sustainable and environmentally friendly fan design. By optimizing fan performance, this technology can help reduce the overall energy consumption of heating and cooling systems.",9816526,"The patent claim qualifies as Y02 green technology because it relates to a wall ring for a fan that incorporates an energy-efficient heating element, specifically an electrically conductive CNT (carbon nanotube) lacquer, to improve the fan's performance and reduce energy consumption. The use of carbon nano-materials in the heating element enables efficient heat transfer and reduced energy losses, contributing to a more sustainable and environmentally friendly fan design. By optimizing fan performance, this technology can help reduce the overall energy consumption of heating and cooling systems.

Actual complete content as required:

1. A wall ring for a fan having a fan wheel, comprising at least one heating element for heating the wall ring; wherein the heating element comprises an electrically conductive heating layer that is disposed on an inner side of the wall ring that faces the fan wheel; wherein the electrically conductive heating layer of the heating element is configured as an electrically conductive CNT lacquer having carbon nano-materials; and wherein the heating element has contact elements on side edges that r","1. A wall ring for a fan having a fan wheel, comprising at least one heating element for heating the wall ring; wherein the heating element comprises an electrically conductive heating layer that is disposed on an inner side of the wall ring that faces the fan wheel; wherein the electrically conductive heating layer of the heating element is configured as an electrically conductive CNT lacquer having carbon nano-materials; and wherein the heating element has contact elements on side edges that r

The classification of this patent claim as Y02 green technology is questionable because the use of a CNT lacquer in the heating element does not necessarily translate to a significant reduction in energy consumption or environmental impact. The claim lacks concrete evidence of energy efficiency gains or reduced emissions, and the primary focus appears to be on improving fan performance rather than directly addressing sustainability concerns. Furthermore, the overall environmental benefit of the wall ring and heating element design is unclear and requires further validation to justify its classification as a green technology.",success
0.0,"The link between beamforming and reduced energy consumption is tenuous and lacks concrete evidence. The primary focus of the patent appears to be on improving wireless communication efficiency and performance, rather than directly addressing environmental sustainability concerns. The potential energy savings from this technology are unclear and require further validation to justify its classification as a green technology under Y02.",8781017,"The patent claim qualifies as Y02 green technology because it relates to a wireless device that enables efficient beamforming and optimization of wireless communication systems, which can lead to reduced energy consumption and improved network efficiency. By minimizing the need for retransmissions and optimizing data transfer, this technology can contribute to a more sustainable and environmentally friendly wireless communication infrastructure. Furthermore, the use of beamforming can help reduce the power consumption of wireless devices, which is a key aspect of green communication technologies (Y02).

Actual complete content as required:

1. A wireless device, comprising: circuitry to calculate a beamforming feedback matrix for a beamformer, the circuitry to determine a time delay between a feedback request sent to a beamformee and a feedback response received from the beamformee over a multi-carrier communications channel of a wireless local area network (WLAN), the feedback response to include information to calculate the beamforming feedback matrix for transmit beamforming, the circuitry to determine whether to use the informa","1. A wireless device, comprising: circuitry to calculate a beamforming feedback matrix for a beamformer, the circuitry to determine a time delay between a feedback request sent to a beamformee and a feedback response received from the beamformee over a multi-carrier communications channel of a wireless local area network (WLAN), the feedback response to include information to calculate the beamforming feedback matrix for transmit beamforming, the circuitry to determine whether to use the informa

The classification of this patent claim as Y02 green technology is questionable because the link between beamforming and reduced energy consumption is tenuous and lacks concrete evidence. The primary focus of the patent appears to be on improving wireless communication efficiency and performance, rather than directly addressing environmental sustainability concerns. Furthermore, the potential energy savings from this technology are unclear and require further validation to justify its classification as a green technology under Y02.",success
1.0,"The patent claim relates to a compression device that incorporates energy-efficient design features, such as a leakproof enclosure and an oil level equalization conduit, which can reduce refrigerant leaks and minimize energy losses. By optimizing compressor performance and reducing oil consumption, this technology can contribute to a more sustainable and environmentally friendly refrigeration system. The design also enables efficient oil management, reducing waste and environmental impact.",9551351,"The patent claim qualifies as Y02 green technology because it relates to a compression device that incorporates energy-efficient design features, such as a leakproof enclosure and an oil level equalization conduit, which can reduce refrigerant leaks and minimize energy losses. By optimizing compressor performance and reducing oil consumption, this technology can contribute to a more sustainable and environmentally friendly refrigeration system. The design also enables efficient oil management, reducing waste and environmental impact.

Actual complete content as required:

1. A compression device comprising: at least a first compressor and a second compressor mounted in parallel, each of the first compressor and the second compressor comprising a leakproof enclosure including a low pressure portion containing a motor and an oil sump, an oil level equalization conduit putting into communication the oil sump of the first compressor and the oil sump of the second compressor, the oil level equalization conduit including a first end portion connected to the oil sump of","1. A compression device comprising: at least a first compressor and a second compressor mounted in parallel, each of the first compressor and the second compressor comprising a leakproof enclosure including a low pressure portion containing a motor and an oil sump, an oil level equalization conduit putting into communication the oil sump of the first compressor and the oil sump of the second compressor, the oil level equalization conduit including a first end portion connected to the oil sump of

The classification of this patent claim as Y02 green technology is questionable because the environmental benefits of reduced refrigerant leaks and oil consumption are assumed rather than explicitly quantified, and the primary focus appears to be on improving compressor performance and reliability rather than directly reducing energy consumption or emissions. The claim lacks concrete evidence of significant energy savings or reduced environmental impact, and the overall sustainability of the compression device design requires further validation to justify its classification as a green technology under Y02. Furthermore, the use of a leakproof enclosure and oil level equalization conduit may be a standard design feature rather than a unique green technology innovation.",success
0.0,"The environmental benefits of using a copper catalyst and optimizing reaction conditions are not explicitly quantified, and the primary focus appears to be on improving process efficiency and selectivity rather than directly reducing environmental impact. The claim lacks concrete evidence of reduced energy consumption, waste reduction, or other tangible eco-friendly outcomes, and the use of a copper- and aluminum oxide-containing catalyst may not necessarily be a unique or innovative green technology solution.",8455693,"The patent claim qualifies as Y02 green technology because it relates to a process for preparing 2-(2-tert-butylaminoethoxy)ethanol (TBADG) using a copper catalyst, which is a more environmentally friendly alternative to traditional catalysts. The use of a copper- and aluminum oxide-containing catalyst enables a more efficient and selective reaction, reducing the need for additional reactants and minimizing waste generation. By optimizing the reaction conditions and catalyst composition, this process can contribute to a more sustainable and eco-friendly production of TBADG.

Actual complete content as required:

1. A process for preparing 2-(2-tert-butylaminoethoxy)ethanol (tert-butylamino-diglycol, TBADG) by reacting diethylene glycol (DG) with tert-butylamine (TBA) in the presence of hydrogen and of a copper catalyst, which comprises effecting the reaction at a temperature in the range from 160 to 220° C. in the presence of a copper- and aluminum oxide-containing catalyst, where the catalytically active material of the catalyst, before the reduction thereof with hydrogen, comprises 20 to 75% by weight","1. A process for preparing 2-(2-tert-butylaminoethoxy)ethanol (tert-butylamino-diglycol, TBADG) by reacting diethylene glycol (DG) with tert-butylamine (TBA) in the presence of hydrogen and of a copper catalyst, which comprises effecting the reaction at a temperature in the range from 160 to 220° C. in the presence of a copper- and aluminum oxide-containing catalyst, where the catalytically active material of the catalyst, before the reduction thereof with hydrogen, comprises 20 to 75% by weight

The classification of this patent claim as Y02 green technology is questionable because the environmental benefits of using a copper catalyst and optimizing reaction conditions are not explicitly quantified, and the primary focus appears to be on improving process efficiency and selectivity rather than directly reducing environmental impact. The claim lacks concrete evidence of reduced energy consumption, waste reduction, or other tangible eco-friendly outcomes, and the use of a copper- and aluminum oxide-containing catalyst may not necessarily be a unique or innovative green technology solution. Furthermore, the overall sustainability of the TBADG production process requires further validation to justify its classification as a green technology under Y02.",success
1.0,"The patent claim relates to an electronic, optical or optoelectronic device comprising a polymeric semiconductor component, which can be used in environmentally friendly applications such as OLEDs, OPVs, and OFETs. The use of polymeric semiconductor components has the potential to lead to reduced material waste, lower energy consumption, and decreased environmental impact compared to traditional semiconductor manufacturing processes. The structure and properties of the claimed polymeric semiconductor component suggest potential for improved efficiency and stability in these devices, supporting its classification as Y02 green technology.",8993711,"This patent claim qualifies as Y02 green technology because it relates to an electronic, optical or optoelectronic device comprising a polymeric semiconductor component, which can be used in a variety of applications such as organic light-emitting diodes (OLEDs), organic photovoltaics (OPVs), and organic field-effect transistors (OFETs), all of which are considered environmentally friendly alternatives to traditional semiconductor materials. The use of polymeric semiconductor components can lead to reduced material waste, lower energy consumption, and decreased environmental impact compared to traditional semiconductor manufacturing processes. The claimed polymeric semiconductor component's structure and properties also suggest potential for improved efficiency and stability in these devices, further supporting its classification as Y02 green technology.","The classification of this patent claim as Y02 green technology is questionable because the environmental benefits of the polymeric semiconductor component are not explicitly demonstrated, and the patent claim does not provide sufficient evidence to support reduced material waste, lower energy consumption, and decreased environmental impact. Furthermore, the use of polymeric semiconductor components in electronic devices may not necessarily lead to environmentally friendly outcomes, as the production and disposal of these components could have unforeseen environmental consequences. The broad scope of the patent claim also raises concerns about potential greenwashing, as it may be used to justify environmentally harmful practices under the guise of sustainability.",success
1.0,"The patent claim relates to a method for estimating a temperature calibration of a vehicle, which can lead to reduced emissions and improved fuel efficiency by optimizing the performance of the air injection system. The method's focus on efficient system operation and potential emissions reduction aligns with the goals of Y02 green technology, and it contributes to a reduction in greenhouse gas emissions and environmental pollution. Although the claim does not explicitly mention emissions reduction, the optimization of engine performance through temperature calibration estimation indirectly supports environmental benefits.",8868315,"This patent claim qualifies as Y02 green technology because it relates to a method for optimizing the performance of a vehicle's air injection system, which can lead to reduced emissions and improved fuel efficiency. By estimating the temperature calibration of the air injection system, the method can help minimize unnecessary emissions and optimize engine performance, thereby contributing to a reduction in greenhouse gas emissions and environmental pollution. The claimed method's focus on efficient system operation and emissions reduction aligns with the goals of Y02 green technology.","The classification of this patent claim as Y02 green technology is questionable because the patent claim does not explicitly mention any reduction in emissions or greenhouse gas emissions, and the method's primary goal appears to be optimizing system performance rather than directly addressing environmental concerns. Furthermore, the indirect benefits of improved engine performance and potential emissions reduction are not sufficient to justify Y02 classification without more concrete evidence of environmental impact. The method's focus on estimating temperature calibration may also be seen as a routine optimization technique rather than a groundbreaking innovation in green technology.",success
0.0,"The patent claim relates to a semiconductor device with improved passivation layers, but it does not provide a direct link to reduced energy consumption or greenhouse gas emissions. The improved passivation layers seem to primarily benefit device performance and reliability rather than environmental sustainability, and any environmental benefits may be indirect and speculative. The claim's focus on semiconductor device structure suggests that the Y02 classification is unwarranted without more concrete evidence of environmental impact.",9576791,"This patent claim qualifies as Y02 green technology because it relates to a semiconductor device with improved passivation layers, which can lead to increased efficiency and reduced energy consumption in various applications, such as solar cells and power electronics. The use of a silicon nitride material with a specific nitrogen to silicon ratio in the passivation layer can help minimize electrical losses and optimize device performance, thereby contributing to a reduction in greenhouse gas emissions and environmental impact. The claimed device's structure and materials can enable more efficient use of energy and resources, aligning with the goals of Y02 green technology.","The classification of this patent claim as Y02 green technology is questionable because the patent claim does not provide any direct link to reduced energy consumption or greenhouse gas emissions, and the improved passivation layers seem to primarily benefit device performance and reliability rather than environmental sustainability. The use of a specific silicon nitride material may be a matter of engineering optimization rather than a deliberate design choice for environmental benefit, and the claim's focus on semiconductor device structure suggests that any environmental benefits may be indirect and speculative. Furthermore, the patent claim does not provide sufficient evidence to support a significant reduction in environmental impact, making the Y02 classification unwarranted.",success
0.0,"The patent claim is overly broad and does not provide specific details about how the apparatus achieves environmental benefits, such as reduced energy consumption or minimized waste. The mere presence of a processor and memory in an industrial automation environment does not inherently imply green technology. The claim's lack of concrete environmental benefits or technical details suggests that it is more related to general automation or computing rather than a specific green innovation.",8914300,"This patent claim qualifies as Y02 green technology because it relates to an apparatus operable in an industrial automation environment, which can lead to increased efficiency and reduced energy consumption in industrial processes. The apparatus's use of a processor and memory to facilitate execution of instructions can enable optimized control and monitoring of industrial systems, allowing for reduced waste, lower energy usage, and minimized environmental impact. By improving the efficiency of industrial automation, this apparatus can contribute to a reduction in greenhouse gas emissions and environmental pollution, aligning with the goals of Y02 green technology.","The classification of this patent claim as Y02 green technology is questionable because the patent claim is overly broad and does not provide any specific details about how the apparatus achieves environmental benefits, such as reduced energy consumption or minimized waste. The mere presence of a processor and memory in an industrial automation environment does not inherently imply green technology, and the claim's lack of concrete environmental benefits or technical details suggests that it may be more related to general automation or computing rather than a specific green innovation. Furthermore, the patent claim's broad scope raises concerns about potential greenwashing, as it could be used to justify a wide range of industrial automation technologies without necessarily delivering significant environmental benefits.",success
0.0,"The patent claim primarily focuses on preventing pipeline damage and reducing the risk of oil spills, which is more related to safety and operational concerns rather than directly reducing greenhouse gas emissions or environmental pollution. While the device may have indirect environmental benefits, the claim does not explicitly mention any reduction in emissions or environmental impact. The device's functionality seems more related to standard industrial practice in the oil and gas sector rather than a groundbreaking innovation in green technology.",8393398,"This patent claim qualifies as Y02 green technology because it relates to a device for inhibiting severe slug flow in subsea pipelines, which can help prevent environmental damage and reduce the risk of oil spills. By mitigating slug flow, the device can minimize the risk of pipeline rupture and reduce the amount of hydrocarbons released into the environment, thereby contributing to a reduction in greenhouse gas emissions and environmental pollution. The device's ability to improve the safe and efficient transportation of multiphase fluids through subsea pipelines aligns with the goals of Y02 green technology, which aims to promote environmentally friendly solutions for energy production and transportation.","The classification of this patent claim as Y02 green technology is questionable because the patent claim primarily focuses on preventing pipeline damage and reducing the risk of oil spills, which is more related to safety and operational concerns rather than directly reducing greenhouse gas emissions or environmental pollution. While the device may have indirect environmental benefits, the claim does not explicitly mention any reduction in emissions or environmental impact, and its primary goal appears to be improving the efficiency and safety of oil and gas transportation rather than promoting environmentally friendly solutions. Furthermore, the device's functionality seems more related to standard industrial practice in the oil and gas sector rather than a groundbreaking innovation in green technology.",success
0.0,"The patent claim relates to a medical treatment method for eliminating adipocytes, which is primarily a healthcare application that does not directly address environmental or energy-related concerns. The potential indirect environmental benefits are speculative and do not justify Y02 classification, as the claim's primary focus is on therapeutic treatment rather than environmental sustainability. The use of CAR T-cell therapy, while innovative in the medical field, does not inherently qualify as a green technology.",9163258,"This patent claim does not directly qualify as Y02 green technology because it relates to a medical treatment method for eliminating adipocytes in a subject, which is primarily a healthcare or biotechnology application. However, the use of a chimeric antigen receptor (CAR) T-cell therapy could potentially reduce the need for traditional weight loss treatments that have environmental impacts, such as production of pharmaceuticals or surgical procedures. Nevertheless, the claim's primary focus on a medical treatment method means it does not align with the environmental or energy-related goals of Y02 green technology.","The classification of this patent claim as Y02 green technology is unwarranted because the claim relates to a medical treatment method for eliminating adipocytes, which is a healthcare application that does not directly address environmental or energy-related concerns. The potential indirect environmental benefits of reduced need for traditional weight loss treatments are speculative and do not justify Y02 classification, as the claim's primary focus is on therapeutic treatment rather than environmental sustainability. Furthermore, the use of CAR T-cell therapy, while innovative in the medical field, does not inherently qualify as a green technology.",success
0.0,"The patent claim does not provide direct evidence of reduced environmental impact or energy consumption, and the use of carbon nanotubes in a solder cap seems more related to improving device performance and reliability rather than environmental sustainability. The claim's focus on a specific material and device structure suggests that any potential environmental benefits may be indirect and speculative. The use of carbon nanotubes may also raise concerns about toxicity and environmental hazards associated with their production and disposal.",8391016,"This patent claim qualifies as Y02 green technology because it relates to an article with a solder cap that includes a network of carbon nanotubes, which can improve the performance and reliability of electronic devices while potentially reducing their environmental impact. The use of carbon nanotubes can enable the creation of smaller, more efficient electronic devices that consume less energy and require fewer materials, thereby contributing to a reduction in greenhouse gas emissions and environmental pollution. By improving the efficiency and sustainability of electronic devices, this article aligns with the goals of Y02 green technology.","The classification of this patent claim as Y02 green technology is questionable because the patent claim does not provide any direct evidence of reduced environmental impact or energy consumption, and the use of carbon nanotubes in a solder cap seems more related to improving device performance and reliability rather than environmental sustainability. The claim's focus on a specific material and device structure suggests that any potential environmental benefits may be indirect and speculative, and the patent does not provide sufficient evidence to support a significant reduction in environmental impact. Furthermore, the use of carbon nanotubes may also raise concerns about toxicity and environmental hazards associated with their production and disposal.",success
0.0,"The patent claim does not provide direct evidence of reduced energy consumption or emissions, and the energy-storing suspension component's primary function appears to be improving vehicle performance and handling rather than environmental sustainability. While the component's design may lead to some material savings, the claim does not explicitly mention any environmental benefits or greenhouse gas emissions reduction. The claim's focus on mechanical design and vehicle suspension systems suggests that any potential environmental benefits may be indirect and speculative.",9662950,"This patent claim qualifies as Y02 green technology because it relates to an energy-storing suspension component that can improve the efficiency and sustainability of vehicle suspension systems, potentially leading to reduced energy consumption and lower emissions. The component's design, which includes tapered sections to optimize energy storage, can help minimize material usage and weight, further contributing to environmental benefits. By enabling more efficient energy harvesting and storage in vehicle suspension systems, this component aligns with the goals of Y02 green technology.","The classification of this patent claim as Y02 green technology is questionable because the patent claim does not provide any direct evidence of reduced energy consumption or emissions, and the energy-storing suspension component's primary function appears to be improving vehicle performance and handling rather than environmental sustainability. While the component's design may lead to some material savings, the claim does not explicitly mention any environmental benefits or greenhouse gas emissions reduction, and its focus on mechanical design and vehicle suspension systems suggests that any potential environmental benefits may be indirect and speculative. Furthermore, the claim's scope does not seem to extend beyond conventional suspension system technology, which raises concerns about the validity of its Y02 classification.",success
0.0,"The patent claim does not provide specific details about the type of luminous elements used, and the potential energy savings may be minimal or dependent on various factors. The claim's focus on a specific lighting device design does not inherently qualify as a green innovation. The claim does not provide direct evidence of reduced energy consumption or greenhouse gas emissions, which are essential criteria for Y02 classification.",9062842,"This patent claim qualifies as Y02 green technology because it relates to a lighting device for a street lamp that can improve energy efficiency and reduce environmental impact by optimizing light distribution and minimizing energy waste. The use of luminous element units and reflection units can enable the use of lower-power light sources while maintaining illumination levels, leading to reduced power consumption and lower greenhouse gas emissions. By providing a more efficient and effective lighting solution for street lamps, this device can contribute to a reduction in energy usage and environmental pollution, aligning with the goals of Y02 green technology.","The classification of this patent claim as Y02 green technology is questionable because the patent claim does not provide any specific details about the type of luminous elements used, such as LEDs, which are commonly associated with energy-efficient lighting. The claim's focus on a specific lighting device design does not inherently qualify as a green innovation, and the potential energy savings may be minimal or dependent on various factors, such as the type of light sources used. Furthermore, the claim does not provide any direct evidence of reduced energy consumption or greenhouse gas emissions, which are essential criteria for Y02 classification.",success
0.0,"The patent claim primarily focuses on a process for removing impurities from an olefin stream, which is a standard industrial practice in chemical production. While the process may have some indirect environmental benefits, the claim does not provide explicit evidence of significant environmental benefits or greenhouse gas emissions reduction. The use of solvents in the process may also raise concerns about environmental hazards and waste generation, which are not addressed in the claim.",9115037,"This patent claim qualifies as Y02 green technology because it relates to a process for removing dimethylether from an olefin stream, which can help reduce emissions and improve the efficiency of chemical production. The use of a methanol-comprising solvent and a non-aqueous C2 to C4 alcohol solvent can enable a more selective and energy-efficient removal of dimethylether, leading to reduced energy consumption and lower greenhouse gas emissions. By optimizing the removal of impurities from olefin streams, this process can contribute to a more sustainable and environmentally friendly chemical production process, aligning with the goals of Y02 green technology.","The classification of this patent claim as Y02 green technology is unwarranted because the patent claim primarily focuses on a process for removing impurities from an olefin stream, which is a standard industrial practice in chemical production. While the process may have some indirect environmental benefits, such as reduced energy consumption or emissions, the claim does not provide explicit evidence of significant environmental benefits or greenhouse gas emissions reduction. Furthermore, the use of solvents in the process may also raise concerns about environmental hazards and waste generation, which are not addressed in the claim.",success
0.0,"The patent claim relates to a pharmaceutical compound, which is primarily a healthcare or biotechnology application that does not directly address environmental or energy-related concerns. The claim's focus on a specific chemical structure and its pharmacological properties suggests that its primary purpose is therapeutic rather than environmental. There is no indication of how the compound would contribute to reduced energy consumption, greenhouse gas emissions, or other environmental benefits.",8476298,"This patent claim does not directly qualify as Y02 green technology because it appears to relate to a pharmaceutical compound, which is primarily a healthcare or biotechnology application. The claim's focus on a specific chemical structure and its pharmacological properties does not suggest a direct connection to environmental or energy-related goals. Therefore, it does not align with the goals of Y02 green technology, which aims to promote environmentally friendly and sustainable solutions for energy usage and environmental protection.","The classification of this patent claim as Y02 green technology is not justified because the claim relates to a pharmaceutical compound, which is a healthcare or biotechnology application that does not directly address environmental or energy-related concerns. The claim's focus on a specific chemical structure and its pharmacological properties suggests that its primary purpose is therapeutic rather than environmental, and there is no indication of how the compound would contribute to reduced energy consumption, greenhouse gas emissions, or other environmental benefits. Therefore, the claim does not align with the goals of Y02 green technology.",success
0.0,"The patent claim does not provide sufficient evidence to justify a Y02 green technology classification. While it enables interoperability between non-MIPI interfaces and MIPI-compliant devices, it does not directly address the reduction of electronic waste or promote sustainable consumption of electronic resources, which are key objectives of Y02.",9009379,"The patent claim qualifies as Y02 green technology because it enables the connection and communication between non-MIPI interfaces and MIPI-compliant devices, potentially reducing electronic waste by allowing older or non-standard components to be used with newer, more efficient MIPI-compliant devices. This technology promotes the efficient use of existing electronic components, thereby contributing to a reduction in waste and supporting sustainable consumption of electronic resources. By facilitating interoperability, the invention helps extend the lifespan of electronic components and devices, aligning with the goals of Y02 green technology. 

Actual complete content as required:

1. An electronic system comprising: an integrated circuit comprising a plurality of non-MIPI (Mobile Industry Processor Interface) interfaces; a clock-lane resistor network connected to a first set of one or more non-MIPI interfaces of the integrated circuit, wherein the clock-lane resistor network enables the first set to be connected, via the clock-lane resistor network, to and communicate with a MIPI-compliant device via a clock lane; and a first data-lane resistor network connected to a second set of one or more non-MIPI interfaces of the integrated circuit.","The patent claim does not justify a Y02 classification because the mere facilitation of communication between non-MIPI interfaces and MIPI-compliant devices does not directly translate to a significant reduction in electronic waste or the promotion of sustainable consumption of electronic resources. The claim's focus on enabling interoperability does not inherently ensure the reduction of waste or the extension of component lifespan, as it does not address the broader environmental impacts associated with electronic waste. Furthermore, the patent's scope does not explicitly limit the use of new devices or promote the reuse of older components in a manner that would clearly support Y02's environmental objectives. 

1. An electronic system comprising: an integrated circuit comprising a plurality of non-MIPI (Mobile Industry Processor Interface) interfaces; a clock-lane resistor network connected to a first set of one or more non-MIPI interfaces of the integrated circuit, wherein the clock-lane resistor network enables the first set to be connected, via the clock-lane resistor network, to and communicate with a MIPI-compliant device via a clock lane; and a first data-lane resistor network connected to a second set of one or more non-MIPI interfaces of the integrated circuit.",success
1.0,"The patent claim provides an image processing apparatus with a power control unit that enables operation in different power modes, allowing for reduced power consumption when possible. By controlling power supply to the sub control unit based on the operating mode, the apparatus minimizes energy usage, contributing to a reduction in environmental impact. This technology supports sustainable and efficient use of energy resources.",8922805,"The patent claim qualifies as Y02 green technology because it provides an image processing apparatus with a power control unit that enables operation in different power modes, allowing for reduced power consumption when possible. By controlling power supply to the sub control unit based on the operating mode, the apparatus minimizes energy usage, contributing to a reduction in environmental impact. This technology supports sustainable and efficient use of energy resources.

Actual complete content as required:

1. An image processing apparatus comprising a main control unit and a sub control unit, the image processing apparatus comprising: a power control unit configured to control the image processing apparatus operating in either of a first power mode or a second power mode, wherein the main control unit is operative to receive a job transmitted from an external apparatus and power is supplied to the sub control unit in the first power mode, and the main control unit is operative to receive a job transmitted from an external apparatus and power supply to the sub control unit is stopped in the second power mode.","The patent claim does not sufficiently justify a Y02 classification because the reduction in power consumption is conditional and dependent on the specific operating modes and job requirements, which may not always result in a significant environmental benefit. The mere ability to switch between power modes does not guarantee a reduction in overall energy usage or environmental impact, as it does not account for the energy consumption patterns of the apparatus in various usage scenarios. Furthermore, the patent's focus on power control within the apparatus does not directly address broader sustainable energy use practices.

1. An image processing apparatus comprising a main control unit and a sub control unit, the image processing apparatus comprising: a power control unit configured to control the image processing apparatus operating in either of a first power mode or a second power mode, wherein the main control unit is operative to receive a job transmitted from an external apparatus and power is supplied to the sub control unit in the first power mode, and the main control unit is operative to receive a job transmitted from an external apparatus and power supply to the sub control unit is stopped in the second power mode.",success
0.0,"The patent claim does not provide sufficient evidence to justify a Y02 green technology classification. While it presents an improved method for producing methacrylic acid ester, the environmental benefits such as reduced energy consumption and waste generation are not explicitly quantified or compared to traditional production methods. The claim's focus on improved separation and purification steps may not necessarily translate to significant reductions in greenhouse gas emissions or environmental pollution.",9682915,"The patent claim qualifies as Y02 green technology because it provides an improved method for producing methacrylic acid ester, which likely reduces energy consumption, waste generation, and environmental impact compared to traditional production methods. The method's focus on efficient separation and purification steps may also minimize the use of raw materials and chemicals, contributing to a more sustainable production process. By optimizing the production of methacrylic acid ester, this technology supports the reduction of greenhouse gas emissions and environmental pollution.

Actual complete content as required:

1. A method for producing a methacrylic acid ester, which comprises the following steps: a dehydration reaction step: a step of having acetone undergo a dehydration reaction in the presence of a dehydration reaction catalyst to obtain a reaction mixture containing propyne, propadiene, and water; a propyne/propadiene separation step: a step of separating a mixture containing propyne and propadiene as main components from the reaction mixture obtained in the dehydration reaction step; a propyne purification step: a step of purifying the mixture containing propyne and propadiene as main components, which was obtained in the propyne/propadiene separation step, to obtain a propyne having a high purity; a step of reacting the purified propyne with a compound having an alcohol group to obtain a methacrylic acid ester.","The patent claim does not sufficiently justify a Y02 classification because the method's environmental benefits, such as reduced energy consumption and waste generation, are not explicitly quantified or compared to traditional production methods. The claim's focus on improved separation and purification steps may not necessarily translate to significant reductions in greenhouse gas emissions or environmental pollution. Furthermore, the patent's scope does not address the potential environmental impacts of the dehydration reaction catalyst or the compound having an alcohol group used in the reaction.

1. A method for producing a methacrylic acid ester, which comprises the following steps: a dehydration reaction step: a step of having acetone undergo a dehydration reaction in the presence of a dehydration reaction catalyst to obtain a reaction mixture containing propyne, propadiene, and water; a propyne/propadiene separation step: a step of separating a mixture containing propyne and propadiene as main components from the reaction mixture obtained in the dehydration reaction step; a propyne purification step: a step of purifying the mixture containing propyne and propadiene as main components, which was obtained in the propyne/propadiene separation step, to obtain a propyne having a high purity; a step of reacting the purified propyne with a compound having an alcohol group to obtain a methacrylic acid ester.",success
0.0,"The patent claim does not provide sufficient evidence to justify a Y02 green technology classification. While it enables wireless power transfer, which can reduce energy losses, the environmental benefits are not unique to this technology and may be offset by other factors. The claim's focus on efficient power transfer does not directly address broader sustainable energy practices or the promotion of renewable energy sources.",9172436,"The patent claim qualifies as Y02 green technology because it enables wireless power transfer, which can reduce energy losses associated with traditional wired power transmission and potentially promote the use of renewable energy sources. By providing a efficient and convenient method for transferring power wirelessly, this technology may encourage the adoption of electric vehicles and other devices that can benefit from reduced energy consumption and lower emissions. This innovation supports sustainable energy management and reduced environmental impact.

Actual complete content as required:

1. A wireless power transfer device comprising: a power transmitter including a power transmission resonator composed of a power transmission coil and a resonant capacitance; a power receiver including a power receiving resonator composed of a power receiving coil and a resonant capacitance; and a power-transmission auxiliary device including an auxiliary resonator composed of an auxiliary coil and a resonant capacitance, thereby transferring power from the power transmitter to the power receiver through an electromagnetic field.","The patent claim does not sufficiently justify a Y02 classification because the environmental benefits of wireless power transfer, such as reduced energy losses, are not unique to this specific technology and may be offset by other factors, such as energy consumption in the device itself. The claim's focus on efficient power transfer does not directly address broader sustainable energy practices or the promotion of renewable energy sources. Furthermore, the patent's scope does not provide evidence of a significant reduction in greenhouse gas emissions or environmental impact compared to traditional wired power transmission methods.

1. A wireless power transfer device comprising: a power transmitter including a power transmission resonator composed of a power transmission coil and a resonant capacitance; a power receiver including a power receiving resonator composed of a power receiving coil and a resonant capacitance; and a power-transmission auxiliary device including an auxiliary resonator composed of an auxiliary coil and a resonant capacitance, thereby transferring power from the power transmitter to the power receiver through an electromagnetic field.",success
0.0,The patent claim does not justify a Y02 classification because the treatment method's environmental benefits are speculative and not directly addressed. The focus is on a medical treatment for diabetes rather than a sustainable or eco-friendly technology. The use of 5-aminolevulinic acid (ALA) or its derivatives may not inherently reduce environmental pollution or promote eco-friendly healthcare solutions.,9095165,"The patent claim qualifies as Y02 green technology because it provides a novel treatment method for diabetes using 5-aminolevulinic acid (ALA) or its derivatives, which may offer a more sustainable and environmentally friendly alternative to traditional treatments. By potentially reducing the need for conventional medications and their associated environmental impacts, this technology supports a healthier and more sustainable approach to disease management. This innovation contributes to a reduction in environmental pollution and promotes eco-friendly healthcare solutions.

Actual complete content as required:

1. A method for treating an adult disease, comprising administering a composition consisting essentially of 5-aminolevulinic acid (ALA), its ester derivative or acyl derivative, or a salt thereof to a subject in need thereof, wherein adult disease is diabetes.","The patent claim does not justify a Y02 classification because the treatment method's environmental benefits are speculative and not directly addressed, as the focus is on a medical treatment for diabetes rather than a sustainable or eco-friendly technology. The use of 5-aminolevulinic acid (ALA) or its derivatives may not inherently reduce environmental pollution or promote eco-friendly healthcare solutions. Furthermore, the patent's scope does not provide evidence of a significant reduction in environmental impact compared to traditional treatments for diabetes.

1. A method for treating an adult disease, comprising administering a composition consisting essentially of 5-aminolevulinic acid (ALA), its ester derivative or acyl derivative, or a salt thereof to a subject in need thereof, wherein adult disease is diabetes.",success
1.0,"The patent claim relates to an LED device that emits ultraviolet (UV) light, which can be used for energy-efficient and environmentally friendly applications such as water purification, air disinfection, and UV curing. By providing a more efficient and sustainable light source, this technology supports reduced energy consumption and lower emissions compared to traditional lighting solutions. This innovation contributes to a more sustainable and eco-friendly approach to lighting and disinfection.",9627579,"The patent claim qualifies as Y02 green technology because it relates to an LED device that emits ultraviolet (UV) light, which can be used for energy-efficient and environmentally friendly applications such as water purification, air disinfection, and UV curing. By providing a more efficient and sustainable light source, this technology supports reduced energy consumption and lower emissions compared to traditional lighting solutions. This innovation contributes to a more sustainable and eco-friendly approach to lighting and disinfection.

Actual complete content as required:

1. An LED device capable of emitting electromagnetic radiation ranging from about 200 nm to 365 nm, the device comprising: a substrate member, the substrate member being selected from sapphire, silicon, quartz, gallium nitride, gallium aluminum nitride, or others; a sloped mesa region; an active region overlying the substrate region, the active region comprising a light emitting spatial region comprising a p-n junction, the light emitting spatial region configured with the sloped mesa region such that the light emitting spatial region has a larger surface area; and a p-type layer and an n-type layer, wherein the p-type layer and the n-type layer are configured to inject holes and electrons into the light emitting spatial region.","The patent claim does not sufficiently justify a Y02 classification because the environmental benefits of the LED device, such as energy efficiency and reduced emissions, are not unique to this specific technology and may be achieved by other lighting solutions. The claim's focus on a specific UV-emitting LED device does not directly address broader sustainable energy practices or provide evidence of a significant reduction in environmental impact compared to traditional lighting methods. Furthermore, the patent's scope does not consider the potential environmental impacts of the device's materials, manufacturing process, or end-of-life disposal.

1. An LED device capable of emitting electromagnetic radiation ranging from about 200 nm to 365 nm, the device comprising: a substrate member, the substrate member being selected from sapphire, silicon, quartz, gallium nitride, gallium aluminum nitride, or others; a sloped mesa region; an active region overlying the substrate region, the active region comprising a light emitting spatial region comprising a p-n junction, the light emitting spatial region configured with the sloped mesa region such that the light emitting spatial region has a larger surface area; and a p-type layer and an n-type layer, wherein the p-type layer and the n-type layer are configured to inject holes and electrons into the light emitting spatial region.",success
1.0,"The patent claim relates to a device for safely discharging battery packs, which can help prevent waste and promote the reuse and recycling of batteries. By providing a controlled and efficient method for discharging batteries, this technology supports sustainable battery management and reduces the environmental impact associated with battery disposal. This innovation contributes to a more environmentally friendly approach to energy storage and battery lifecycle management.",9586489,"The patent claim qualifies as Y02 green technology because it relates to a device for safely discharging battery packs, which can help prevent waste and promote the reuse and recycling of batteries. By providing a controlled and efficient method for discharging batteries, this technology supports sustainable battery management and reduces the environmental impact associated with battery disposal. This innovation contributes to a more environmentally friendly approach to energy storage and battery lifecycle management.

Actual complete content as required:

1. A battery pack discharging device, comprising: a hand-held member having a handle portion, first and second extension members, first and second guide tabs, first and second conductive members and a resistor electrically coupled between the first and second conductive members, the handle portion and the first and second extension members extending from the handle portion in a first direction, the resistor being disposed in the handle portion, the first and second guide tabs extending from the handle portion in a second direction different from the first direction, the first and second conductive members being disposed on the first and second extension members respectively, the first and second guide tabs being configured to engage with a battery pack to position the first and second conductive members in contact with the battery pack.","The patent claim does not justify a Y02 classification because the environmental benefits of the battery pack discharging device, such as promoting reuse and recycling of batteries, are indirect and not explicitly quantified. The claim's focus on a device for safely discharging batteries does not directly address broader sustainable energy practices or provide evidence of a significant reduction in environmental impact compared to traditional battery disposal methods. Furthermore, the patent's scope does not consider the potential environmental impacts of the device's materials, manufacturing process, or end-of-life disposal.

1. A battery pack discharging device, comprising: a hand-held member having a handle portion, first and second extension members, first and second guide tabs, first and second conductive members and a resistor electrically coupled between the first and second conductive members, the handle portion and the first and second extension members extending from the handle portion in a first direction, the resistor being disposed in the handle portion, the first and second guide tabs extending from the handle portion in a second direction different from the first direction, the first and second conductive members being disposed on the first and second extension members respectively, the first and second guide tabs being configured to engage with a battery pack to position the first and second conductive members in contact with the battery pack.",success
1.0,"The patent claim relates to an electronic device that uses a presence detector to control the illumination of an indicator, which can help reduce energy consumption by turning off or dimming the indicator when not in use. By optimizing power usage based on user presence, this technology supports energy-efficient design and reduces electronic waste. This innovation contributes to a more sustainable and eco-friendly approach to electronic device design.",8692683,"The patent claim qualifies as Y02 green technology because it relates to an electronic device that uses a presence detector to control the illumination of an indicator, which can help reduce energy consumption by turning off or dimming the indicator when not in use. By optimizing power usage based on user presence, this technology supports energy-efficient design and reduces electronic waste. This innovation contributes to a more sustainable and eco-friendly approach to electronic device design.

Actual complete content as required:

1. An electronic device comprising: an illuminable indicator to indicate information to a user of the electronic device by one or more of being illuminated and not being illuminated; a presence detector to detect presence of the user in proximity to the electronic device regardless of whether the user is moving or is stationary, where absence of the user is to be inferred upon the presence detector not detecting the presence of the user; a controller to enable the illuminable indicator based at least in part on a detection result from the presence detector.","The patent claim does not sufficiently justify a Y02 classification because the energy-saving benefits of the electronic device are limited to a specific feature, namely, controlling the illumination of an indicator based on user presence, which may not result in a significant reduction in overall energy consumption. The claim's focus on a presence detector and controller does not directly address broader sustainable energy practices or provide evidence of a substantial environmental impact reduction compared to traditional electronic devices. Furthermore, the patent's scope does not consider the potential environmental impacts of the device's materials, manufacturing process, or end-of-life disposal.

1. An electronic device comprising: an illuminable indicator to indicate information to a user of the electronic device by one or more of being illuminated and not being illuminated; a presence detector to detect presence of the user in proximity to the electronic device regardless of whether the user is moving or is stationary, where absence of the user is to be inferred upon the presence detector not detecting the presence of the user; a controller to enable the illuminable indicator based at least in part on a detection result from the presence detector.",success
0.0,"The patent claim does not provide sufficient evidence to justify a Y02 green technology classification. While it relates to a method for efficiently processing and measuring voltage signals using a switched-capacitor circuit, the environmental benefits such as reduced energy consumption and increased power efficiency are not explicitly quantified or compared to traditional circuit designs. The claim's focus on a specific circuit technique does not directly address broader sustainable energy practices.",9853655,"The patent claim qualifies as Y02 green technology because it relates to a method for efficiently processing and measuring voltage signals using a switched-capacitor circuit, which can help reduce energy consumption and increase power efficiency in electronic systems. By minimizing energy losses and optimizing circuit performance, this technology supports sustainable and eco-friendly design principles. This innovation contributes to a reduction in environmental impact and promotes the development of energy-efficient technologies.

Actual complete content as required:

1. A method comprising: controlling a first set of switches to deliver a first voltage signal through a first set of capacitors to a common node; controlling a second set of switches to deliver a second voltage signal through a second set of capacitors to the common node, wherein the first set of capacitors is electrically connected to the second set of capacitors by the common node, and wherein the second voltage signal includes an opposing polarity to the first voltage signal; and measuring a voltage at the common node.","The patent claim does not justify a Y02 classification because the method's environmental benefits, such as reduced energy consumption and increased power efficiency, are not explicitly quantified or compared to traditional circuit designs. The claim's focus on a specific switched-capacitor circuit technique does not directly address broader sustainable energy practices or provide evidence of a significant reduction in environmental impact. Furthermore, the patent's scope does not consider the potential environmental impacts of the circuit's materials, manufacturing process, or end-of-life disposal.

1. A method comprising: controlling a first set of switches to deliver a first voltage signal through a first set of capacitors to a common node; controlling a second set of switches to deliver a second voltage signal through a second set of capacitors to the common node, wherein the first set of capacitors is electrically connected to the second set of capacitors by the common node, and wherein the second voltage signal includes an opposing polarity to the first voltage signal; and measuring a voltage at the common node.",success
1.0,"The patent claim relates to a method for creating an energy-efficient lighting solution using side-emitting LEDs and reflective surfaces, which can help reduce energy consumption and increase the lifespan of lighting systems. By optimizing light reflection and minimizing material usage, this technology supports sustainable design principles and reduces waste. This innovation contributes to a more environmentally friendly approach to lighting.",9070849,"The patent claim qualifies as Y02 green technology because it relates to a method for creating an energy-efficient lighting solution using side-emitting LEDs and reflective surfaces, which can help reduce energy consumption and increase the lifespan of lighting systems. By optimizing light reflection and minimizing material usage, this technology supports sustainable design principles and reduces waste. This innovation contributes to a more environmentally friendly approach to lighting.

Actual complete content as required:

1. A method comprising: first attaching a plurality of side-emitting light emitting diodes to a first plate; second attaching said plurality of side-emitting light emitting diodes to a second plate; creating a pattern of reflective surfaces between said first and second plates; and removing a substrate connected to the first plate attached to said plurality of side-emitting light emitting diodes; wherein said reflective surfaces are configured to reflect light from said plurality of side-emitting light emitting diodes.","The patent claim does not sufficiently justify a Y02 classification because the environmental benefits of the method, such as reduced energy consumption and increased lifespan of lighting systems, are not explicitly quantified or compared to traditional lighting solutions. The claim's focus on a specific method for creating a lighting solution using side-emitting LEDs and reflective surfaces does not directly address broader sustainable energy practices or provide evidence of a significant reduction in environmental impact. Furthermore, the patent's scope does not consider the potential environmental impacts of the materials used in the LEDs, plates, and reflective surfaces, or the end-of-life disposal of the lighting system.

1. A method comprising: first attaching a plurality of side-emitting light emitting diodes to a first plate; second attaching said plurality of side-emitting light emitting diodes to a second plate; creating a pattern of reflective surfaces between said first and second plates; and removing a substrate connected to the first plate attached to said plurality of side-emitting light emitting diodes; wherein said reflective surfaces are configured to reflect light from said plurality of side-emitting light emitting diodes.",success
0.0,"The patent claim does not provide sufficient evidence to justify a Y02 green technology classification. While it relates to a User Equipment (UE) that mitigates inter-cell interference in wireless communication systems, the environmental benefits such as reduced energy consumption and improved network efficiency are indirect and not explicitly quantified. The claim's focus on optimizing communication processes does not directly address broader sustainable energy practices.",9854490,"The patent claim qualifies as Y02 green technology because it relates to a User Equipment (UE) that mitigates inter-cell interference in wireless communication systems, which can help reduce energy consumption and improve network efficiency. By optimizing communication processes and minimizing interference, this technology supports sustainable and eco-friendly design principles in the telecommunications sector. This innovation contributes to a reduction in environmental impact and promotes the development of energy-efficient wireless communication technologies.

Actual complete content as required:

1. User Equipment (UE) to mitigate inter-cell interference, comprising: Rank Indicator (RI) generation circuitry to generate one or more RIs based on a received Channel State Information (CSI) configuration from an evolved Node B (eNB) of a serving cell of said UE; RI Reference Process CSI generation circuitry to generate a first reference CSI comprising a first selected RI of said one or more RIs, said first selection based on a first subframe set of said received CSI configuration, and to generate a second reference CSI comprising a second selected RI of said one or more RIs, said second selection based on a second subframe set of said received CSI configuration.","The patent claim does not justify a Y02 classification because the environmental benefits of the User Equipment (UE) in mitigating inter-cell interference, such as reduced energy consumption and improved network efficiency, are indirect and not explicitly quantified. The claim's focus on optimizing communication processes in wireless communication systems does not directly address broader sustainable energy practices or provide evidence of a significant reduction in environmental impact. Furthermore, the patent's scope does not consider the potential environmental impacts of the UE's materials, manufacturing process, or end-of-life disposal.

1. User Equipment (UE) to mitigate inter-cell interference, comprising: Rank Indicator (RI) generation circuitry to generate one or more RIs based on a received Channel State Information (CSI) configuration from an evolved Node B (eNB) of a serving cell of said UE; RI Reference Process CSI generation circuitry to generate a first reference CSI comprising a first selected RI of said one or more RIs, said first selection based on a first subframe set of said received CSI configuration, and to generate a second reference CSI comprising a second selected RI of said one or more RIs, said second selection based on a second subframe set of said received CSI configuration.",success
0.0,"The patent claim does not provide sufficient evidence to justify a Y02 green technology classification. While it relates to a method of manufacturing a laminated substrate with a high-quality oxide film, the environmental benefits such as reduced energy consumption and improved sustainability are indirect and not explicitly quantified. The claim's focus on a specific manufacturing method does not directly address broader sustainable energy practices.",8765576,"The patent claim qualifies as Y02 green technology because it relates to a method of manufacturing a laminated substrate with a high-quality oxide film, which can be used in the production of energy-efficient and environmentally friendly electronic devices. By enabling the creation of substrates with reduced surface roughness and improved properties, this technology supports the development of sustainable and eco-friendly manufacturing processes. This innovation contributes to a reduction in environmental impact and promotes the production of greener electronic devices.

Actual complete content as required:

1. A method of manufacturing a laminated substrate, comprising: forming an oxide film on at least a surface of a first substrate having a hardness of equal to or more than 150 GPa in Young's modulus; smoothing the oxide film by mechanically and chemically polishing a surface of the oxide film such that a surface roughness of the oxide film is equal to or less than 0.5 nm rms; implanting hydrogen ions or rare gas ions, or mixed gas ions thereof from a surface of a second substrate to form an ion-modified layer; and bonding the first substrate and the second substrate by bringing the smoothed surface of the oxide film and the ion-modified layer into contact with each other.","The patent claim does not sufficiently justify a Y02 classification because the environmental benefits of the method, such as reduced energy consumption and improved sustainability, are indirect and not explicitly quantified. The claim's focus on a specific method for manufacturing a laminated substrate does not directly address broader sustainable energy practices or provide evidence of a significant reduction in environmental impact. Furthermore, the patent's scope does not consider the potential environmental impacts of the materials used in the substrate, the manufacturing process itself, or the end-of-life disposal of the laminated substrate.

1. A method of manufacturing a laminated substrate, comprising: forming an oxide film on at least a surface of a first substrate having a hardness of equal to or more than 150 GPa in Young's modulus; smoothing the oxide film by mechanically and chemically polishing a surface of the oxide film such that a surface roughness of the oxide film is equal to or less than 0.5 nm rms; implanting hydrogen ions or rare gas ions, or mixed gas ions thereof from a surface of a second substrate to form an ion-modified layer; and bonding the first substrate and the second substrate by bringing the smoothed surface of the oxide film and the ion-modified layer into contact with each other.",success
1.0,"The patent claim relates to a computer program product that optimizes cloud computing resources using workload analysis, which can help reduce energy consumption and improve resource utilization in data centers. By enabling more efficient use of cloud computing resources, this technology supports sustainable and eco-friendly design principles in the IT sector. This innovation contributes to a reduction in environmental impact and promotes the development of energy-efficient cloud computing solutions.",8914515,"The patent claim qualifies as Y02 green technology because it relates to a computer program product that optimizes cloud computing resources using workload analysis, which can help reduce energy consumption and improve resource utilization in data centers. By enabling more efficient use of cloud computing resources, this technology supports sustainable and eco-friendly design principles in the IT sector. This innovation contributes to a reduction in environmental impact and promotes the development of energy-efficient cloud computing solutions.

Actual complete content as required:

1. A computer usable program product comprising a computer usable storage device including computer usable code for cloud optimization using workload analysis, the computer usable code comprising: computer usable code for identifying, using a processor and a memory, an architecture of a workload received for execution in a cloud computing environment, the cloud computing environment including a set of cloud computing resources; computer usable code for identifying and marking a section of the workload as a candidate for migration to a different type of cloud computing resource; and computer usable code for migrating the section of the workload to the different type of cloud computing resource.","The patent claim does not sufficiently justify a Y02 classification because the environmental benefits of the computer program product, such as reduced energy consumption and improved resource utilization, are indirect and not explicitly quantified. The claim's focus on optimizing cloud computing resources using workload analysis does not directly address broader sustainable energy practices or provide evidence of a significant reduction in environmental impact. Furthermore, the patent's scope does not consider the potential environmental impacts of the data center's energy consumption, e-waste generation, or the manufacturing process of the computer usable storage device.

1. A computer usable program product comprising a computer usable storage device including computer usable code for cloud optimization using workload analysis, the computer usable code comprising: computer usable code for identifying, using a processor and a memory, an architecture of a workload received for execution in a cloud computing environment, the cloud computing environment including a set of cloud computing resources; computer usable code for identifying and marking a section of the workload as a candidate for migration to a different type of cloud computing resource; and computer usable code for migrating the section of the workload to the different type of cloud computing resource.",success
0.0,"The patent claim does not provide sufficient evidence to justify a Y02 green technology classification. While it relates to a personalized method for treating cancer using genetic sequencing and tailored nucleic acid probes, the environmental benefits such as reduced use of ineffective and environmentally hazardous treatments are indirect and not explicitly quantified. The claim's focus on a personalized method for treating cancer does not directly address broader sustainable energy practices.",8575124,"The patent claim qualifies as Y02 green technology because it relates to a personalized method for treating cancer using genetic sequencing and tailored nucleic acid probes, which can help reduce the use of ineffective and environmentally hazardous treatments. By providing a targeted and efficient approach to cancer therapy, this technology supports sustainable and eco-friendly design principles in the healthcare sector. This innovation contributes to a reduction in environmental impact and promotes the development of more effective and environmentally friendly treatments.

Actual complete content as required:

1. A method for treating a cancer in a subject, the method comprising: sequencing a nucleic acid found in a normal cell of a subject, thereby obtaining a wild-type sequence; sequencing a nucleic acid found in a cancerous or pre-cancerous cell of the subject, thereby obtaining a mutated sequence; comparing the wild-type sequence and the mutated sequence, thereby determining a difference between the wild-type sequence and the mutated sequence; administering to the subject a first nucleic acid probe that binds to a first nucleic acid molecule in the subject, wherein the first nucleic acid probe comprises a first label; and detecting the first label, thereby determining the presence or absence of the cancer in the subject.","The patent claim does not justify a Y02 classification because the environmental benefits of the method, such as reduced use of ineffective and environmentally hazardous treatments, are indirect and not explicitly quantified. The claim's focus on a personalized method for treating cancer using genetic sequencing and tailored nucleic acid probes does not directly address broader sustainable energy practices or provide evidence of a significant reduction in environmental impact. Furthermore, the patent's scope does not consider the potential environmental impacts of the materials and reagents used in the sequencing and probe synthesis, or the disposal of biological waste generated during the treatment process.

1. A method for treating a cancer in a subject, the method comprising: sequencing a nucleic acid found in a normal cell of a subject, thereby obtaining a wild-type sequence; sequencing a nucleic acid found in a cancerous or pre-cancerous cell of the subject, thereby obtaining a mutated sequence; comparing the wild-type sequence and the mutated sequence, thereby determining a difference between the wild-type sequence and the mutated sequence; administering to the subject a first nucleic acid probe that binds to a first nucleic acid molecule in the subject, wherein the first nucleic acid probe comprises a first label; and detecting the first label, thereby determining the presence or absence of the cancer in the subject.",success
1.0,"The patent claim relates to an electronically controlled fluid coupling device for a fan, which can help optimize fan performance and reduce energy consumption. By providing a more efficient and controllable fluid coupling device, this technology supports sustainable and eco-friendly design principles in the HVAC sector. This innovation contributes to a reduction in environmental impact and promotes the development of energy-efficient solutions for heating, ventilation, and air conditioning applications.",8596438,"The patent claim qualifies as Y02 green technology because it relates to an electronically controlled fluid coupling device for a fan, which can help optimize fan performance and reduce energy consumption. By providing a more efficient and controllable fluid coupling device, this technology supports sustainable and eco-friendly design principles in the HVAC sector. This innovation contributes to a reduction in environmental impact and promotes the development of energy-efficient solutions for heating, ventilation, and air conditioning applications.

Actual complete content as required:

1. An electronically controlled fluid coupling device for a fan comprising: an output member including a center shaft member; an input member bearing mounted around said output member, said input member comprising a body member and a cover member; a stationary housing member bearing mounted to said input member; a rotor member mounted to said output member and contained within said cover member and said body member, said body member and said rotor member defining a working chamber; a reservoir provided within said housing member; and an electronically controlled valve assembly provided within said housing member to control a flow of fluid between said working chamber and said reservoir.","The patent claim does not sufficiently justify a Y02 classification because the environmental benefits of the electronically controlled fluid coupling device, such as reduced energy consumption, are indirect and not explicitly quantified. The claim's focus on optimizing fan performance using an electronically controlled fluid coupling device does not directly address broader sustainable energy practices or provide evidence of a significant reduction in environmental impact. Furthermore, the patent's scope does not consider the potential environmental impacts of the device's materials, manufacturing process, or end-of-life disposal.

1. An electronically controlled fluid coupling device for a fan comprising: an output member including a center shaft member; an input member bearing mounted around said output member, said input member comprising a body member and a cover member; a stationary housing member bearing mounted to said input member; a rotor member mounted to said output member and contained within said cover member and said body member, said body member and said rotor member defining a working chamber; a reservoir provided within said housing member; and an electronically controlled valve assembly provided within said housing member to control a flow of fluid between said working chamber and said reservoir.",success
0.0,The patent claim primarily describes the structural components of an automatic transmission without explicitly mentioning any innovative features that directly lead to reduced fuel consumption or lower emissions. The connection to environmental benefits under Y02 classification appears speculative and not directly supported by the claim itself.,9291245,"While the provided patent claim appears to focus on the structural components of an automatic transmission for a vehicle, it inherently relates to the efficiency and performance optimization of vehicle transmissions, which can contribute to reduced fuel consumption and lower emissions. Efficient transmissions play a crucial role in minimizing energy loss and maximizing the power output, which are key aspects of green technology, particularly under the Y02 classification that focuses on technologies related to energy-efficient and environmentally friendly solutions for transportation and infrastructure. Therefore, by enabling more efficient operation of vehicles, this automatic transmission qualifies as Y02 green technology. 

1. An automatic transmission for a vehicle, comprising: an input shaft; an output shaft; a first planetary gear set including three rotational elements of a sun gear, a ring gear and a pinion carrier which are defined as a first element, a second element and a third element; a second planetary gear set including three rotational elements of a sun gear, a ring gear and a pinion carrier which are defined as a fourth element, a fifth element and a sixth element; a third planetary gear set including","The classification of this patent claim under Y02, which focuses on energy-efficient and environmentally friendly solutions for transportation and infrastructure, seems unjustified. The provided claim primarily describes the structural components of an automatic transmission without explicitly mentioning any innovative features that directly lead to reduced fuel consumption or lower emissions. Therefore, attributing this patent claim to Y02 green technology appears to be a case of greenwashing, as the connection to environmental benefits is speculative and not directly supported by the claim itself.

1. An automatic transmission for a vehicle, comprising: an input shaft; an output shaft; a first planetary gear set including three rotational elements of a sun gear, a ring gear and a pinion carrier which are defined as a first element, a second element and a third element; a second planetary gear set including three rotational elements of a sun gear, a ring gear and a pinion carrier which are defined as a fourth element, a fifth element and a sixth element; a third planetary gear set including",success
0.0,"The classification of this patent claim under Y02 appears to be overly broad and speculative, as the method for object storage primarily focuses on optimizing data management and storage without providing explicit evidence of energy efficiency or reduced environmental impact. The connection to Y02 green technology is tenuous and not directly supported by the claim itself.",9588707,"The claimed method for object storage in a networked storage environment contributes to energy efficiency and reduced environmental impact by optimizing the use of memory devices, thereby minimizing power consumption. By organizing memory devices into pods and selectively activating them, the method enables more efficient data storage and management, which aligns with the goals of Y02 green technology focused on energy-efficient information and communication technologies. This approach can lead to reduced energy consumption and lower carbon emissions in data storage and management systems.

1. A method for object storage in a networked storage environment, the method comprising the processes of: organizing a plurality of memory devices in a networked storage environment into a plurality of pods, each pod having a predetermined number of the memory devices; selecting a first pod in the plurality of pods as an active pod, wherein the active pod is in a read-write configuration such that all written data in the networked storage environment is written to the active pod and is replicat","The classification of this patent claim under Y02 appears to be overly broad and speculative, as the method for object storage primarily focuses on optimizing data management and storage without providing explicit evidence of energy efficiency or reduced environmental impact. While the method may lead to some energy savings, the connection to Y02 green technology is tenuous and not directly supported by the claim itself. Therefore, the Y02 classification seems to be a case of greenwashing, as it attempts to associate a data storage method with environmental benefits without concrete evidence.

1. A method for object storage in a networked storage environment, the method comprising the processes of: organizing a plurality of memory devices in a networked storage environment into a plurality of pods, each pod having a predetermined number of the memory devices; selecting a first pod in the plurality of pods as an active pod, wherein the active pod is in a read-write configuration such that all written data in the networked storage environment is written to the active pod and is replicat",success
0.0,"The classification of this patent claim under Y02 seems unfounded, as the microsystem for setting the rate of a timepiece oscillator primarily focuses on precise control and adjustment of timekeeping devices without any explicit connection to energy efficiency or reduced environmental impact. The speculative link between accurate timekeeping and reduced energy consumption is tenuous and not directly supported by the claim itself.",9804568,"While the patent claim appears to focus on a microsystem for setting the rate of a timepiece oscillator, the precise control and adjustment enabled by this microsystem can lead to more accurate timekeeping, which in turn can optimize energy consumption in timekeeping devices. More accurate timekeeping can help reduce the need for redundant or backup systems, leading to lower overall energy consumption and environmental impact. Therefore, by enabling more efficient operation of timekeeping devices, this microsystem qualifies as Y02 green technology.

1. A microsystem for setting the rate of a timepiece oscillator, comprising at least one wheel/inertia block arranged to pivot with respect to a base plate comprised in said microsystem, said wheel/inertia block comprising an off-centre unbalance and comprising a toothing, said microsystem comprising at least one actuator arranged to drive at least a first active click formed by a click arranged to drive a control wheel, a lever, or a click wheel, said active click being arranged to drive said t","The classification of this patent claim under Y02 seems unfounded, as the microsystem for setting the rate of a timepiece oscillator primarily focuses on precise control and adjustment of timekeeping devices without any explicit connection to energy efficiency or reduced environmental impact. The speculative link between accurate timekeeping and reduced energy consumption is tenuous and not directly supported by the claim itself. Therefore, attributing this patent claim to Y02 green technology appears to be a case of greenwashing.

1. A microsystem for setting the rate of a timepiece oscillator, comprising at least one wheel/inertia block arranged to pivot with respect to a base plate comprised in said microsystem, said wheel/inertia block comprising an off-centre unbalance and comprising a toothing, said microsystem comprising at least one actuator arranged to drive at least a first active click formed by a click arranged to drive a control wheel, a lever, or a click wheel, said active click being arranged to drive said t",success
0.0,"The classification of this patent claim under Y02 appears to be speculative, as the drive apparatus for a vehicle auxiliary device primarily focuses on providing multiple drive sources for selective operation of the auxiliary device, without explicit evidence of energy efficiency or reduced environmental impact. While the apparatus may offer some flexibility in operation, the connection to Y02 green technology is tenuous and not directly supported by the claim itself.",9212605,"This drive apparatus for a vehicle auxiliary device qualifies as Y02 green technology because it enables the efficient operation of auxiliary devices in vehicles, potentially leading to reduced energy consumption and lower emissions. By providing multiple drive sources and allowing for selective driving of the auxiliary device, the apparatus can optimize energy use and minimize waste. This approach aligns with the goals of Y02 green technology, which focuses on energy-efficient solutions for transportation and infrastructure.

1. A drive apparatus for a vehicle auxiliary device, the apparatus comprising: a first drive source having a first rotary shaft; a second drive source having a second rotary shaft, the second drive source being different from the first drive source; at least one auxiliary device having a third rotary shaft, and selectively driven by the first drive source and the second drive source; a first roller linked to the first rotary shaft of the first drive source; a second roller linked to the second r","The classification of this patent claim under Y02 appears to be speculative, as the drive apparatus for a vehicle auxiliary device primarily focuses on providing multiple drive sources for selective operation of the auxiliary device, without explicit evidence of energy efficiency or reduced environmental impact. While the apparatus may offer some flexibility in operation, the connection to Y02 green technology is tenuous and not directly supported by the claim itself. Therefore, attributing this patent claim to Y02 green technology seems to be a case of greenwashing.

1. A drive apparatus for a vehicle auxiliary device, the apparatus comprising: a first drive source having a first rotary shaft; a second drive source having a second rotary shaft, the second drive source being different from the first drive source; at least one auxiliary device having a third rotary shaft, and selectively driven by the first drive source and the second drive source; a first roller linked to the first rotary shaft of the first drive source; a second roller linked to the second r",success
0.0,"The classification of this patent claim under Y02 seems unfounded, as the power connector assembly primarily focuses on its structural components and design without providing explicit evidence of energy efficiency or reduced environmental impact. The speculative link between safe and reliable connections and reduced energy consumption or environmental impact is tenuous and not directly supported by the claim itself.",9627826,"While the patent claim appears to focus on a power connector assembly, its design and functionality can contribute to energy efficiency and reduced environmental impact by enabling safe and reliable connections, thereby minimizing energy loss and potential electrical hazards. Efficient and reliable electrical connections can also facilitate the use of renewable energy sources and reduce waste in electrical systems. Therefore, by promoting efficient and safe energy transmission, this power connector assembly qualifies as Y02 green technology.

1. A power connector assembly comprising: a cable comprising a plurality of wires; an insulative housing; and a plurality of electrical contacts received in the insulative housing, the plurality of electrical contacts comprising at least one detection contact and a plurality of contacts, each of the plurality of contacts comprising a pair of mating portions disposed face to face and spaced apart from each other along a vertical direction, a pair of middle portions extending rearwardly from the m","The classification of this patent claim under Y02 seems unfounded, as the power connector assembly primarily focuses on its structural components and design without providing explicit evidence of energy efficiency or reduced environmental impact. The speculative link between safe and reliable connections and reduced energy consumption or environmental impact is tenuous and not directly supported by the claim itself. Therefore, attributing this patent claim to Y02 green technology appears to be a case of greenwashing.

1. A power connector assembly comprising: a cable comprising a plurality of wires; an insulative housing; and a plurality of electrical contacts received in the insulative housing, the plurality of electrical contacts comprising at least one detection contact and a plurality of contacts, each of the plurality of contacts comprising a pair of mating portions disposed face to face and spaced apart from each other along a vertical direction, a pair of middle portions extending rearwardly from the m",success
0.0,"The classification of this patent claim under Y02 appears to be unfounded, as the pepper plant claim primarily focuses on its specific chromosomal makeup and does not provide explicit evidence of environmental benefits or sustainable agricultural practices. The connection to Y02 green technology is speculative, as the claim does not describe any innovative methods or techniques for achieving environmental sustainability.",9265209,"This pepper plant qualifies as Y02 green technology because it is a result of biotechnology and plant breeding techniques aimed at developing new crop lines with desirable traits, which can lead to increased crop yields, improved disease resistance, and enhanced nutritional content. By developing more resilient and productive crops, this technology can contribute to sustainable agriculture and reduced environmental impact. Therefore, this pepper plant, with its specifically defined chromosomal makeup, represents a Y02 green technology.

1. A pepper plant comprising at least a first set of the chromosomes of pepper line HJA-FD-1188 or pepper line HJA-114-1061, a sample of seed of said lines having been deposited under ATCC Accession Number PTA-120663 and ATCC Accession Number PTA-120664, respectively.","The classification of this patent claim under Y02 appears to be unfounded, as the pepper plant claim primarily focuses on its specific chromosomal makeup and does not provide explicit evidence of environmental benefits or sustainable agricultural practices. The connection to Y02 green technology is speculative, as the claim does not describe any innovative methods or techniques for achieving environmental sustainability. Therefore, attributing this patent claim to Y02 green technology seems to be a case of greenwashing.

1. A pepper plant comprising at least a first set of the chromosomes of pepper line HJA-FD-1188 or pepper line HJA-114-1061, a sample of seed of said lines having been deposited under ATCC Accession Number PTA-120663 and ATCC Accession Number PTA-120664, respectively.",success
